EmployeeID,LastName,FirstName,PhoneNumber,StreetNumber_Address,StreetName_Address,City_Address,State_Address,ZipCode_Address,DateofHire,Supervisor,Sex,Race,Ethnicity,Age,Disability,Veteran
1001,Sexson,Percy,5554572315,7890,SW Indiana Way,Portland,Oregon,97201,1/29/2013,"Terrance, Megan",Male,White,NonHispanicLatino,38.1,No,No
1002,Linkous,Kenan,5556982965,2138,SE Freedom Blvd,Portland,Oregon,97236,2/1/2013,"Terrance, Megan",Male,White,NonHispanicLatino,33.78,No,No
1003,Robertson,James,5555164821,8523,NW 8th St,Vancouver,Washington,97227,2/10/2013,"Terrance, Megan",Male,White,HispanicLatino,31.84,No,No
1004,Zuckerman,Mandie,5555402995,6303,E Bush  Ave,Portland,Oregon,97253,2/10/2013,"Ali, Hafsa",Female,Black,HispanicLatino,38.85,No,No
1005,Swartout,Shayna,5555262032,9015,NW 44th Blvd,Portland,Oregon,97241,2/18/2013,"Lindsay, John",Female,Asian,NonHispanicLatino,32.02,No,No
1006,Jimenez,Derek,5557091908,9828,SE Freedom Blvd,Portland,Oregon,97296,2/18/2013,"Brock, Sarah",Male,White,NonHispanicLatino,34.38,No,No
1007,Tyler,Chun,5552619492,622,SE Brooklyn Way,Vancouver,Washington,97212,3/2/2013,"Smith, Eleanor",Male,Asian,NonHispanicLatino,35.21,No,Yes
1008,Ray,Tyson,5553232940,1717,SE Green Blvd,Clackamas,Oregon,97283,3/2/2013,"Garcia, Lilia",Male,White,NonHispanicLatino,41.11,No,No
1009,Jensen,John,5554678402,1142,NE 26th St,Portland,Oregon,97218,3/12/2013,"Smith, Eleanor",Male,Black,NonHispanicLatino,37.02,No,No
1010,Keagle,Fatima,5554530797,3533,W Flower Dr,Hillsboro,Oregon,97304,3/12/2013,"Ali, Hafsa",Female,White,NonHispanicLatino,32.52,No,No
1011,Mckay,Horace,5554184090,8404,SW Eisenhower  Way,Portland,Oregon,97263,4/1/2013,"Garcia, Lilia",Male,White,NonHispanicLatino,32.39,No,No
1012,Lafountain,Floyd,5554377497,3316,NW Tillikum Blvd,Beaverton,Oregon,97283,4/1/2013,"Grant, Jamal",Male,Asian,HispanicLatino,30.65,No,No
1013,Ward,Kris,5552699639,7765,E McKinley  Rd,Portland,Oregon,97252,5/11/2013,"Lindsay, John",Female,White,NonHispanicLatino,35.62,No,No
1014,Connor,Johan,5554711254,588,NW California Way,Portland,Oregon,97276,5/11/2013,"Brock, Sarah",Male,White,NonHispanicLatino,35.66,No,No
1015,Hernandez,Rolf,5555458171,7893,NW Whitney St,Portland,Oregon,97289,5/16/2013,"Thortan, Megan",Male,Asian,NonHispanicLatino,36.49,No,No
1016,Bailey,Courtney,5556611903,6886,SW Hood St,Beaverton,Oregon,97271,5/16/2013,"Thortan, Megan",Male,White,NonHispanicLatino,38.44,No,No
1017,Sandberg,Ethan,5554636867,3470,SW Tillikum Blvd,Vancouver,Washington,97270,5/28/2013,"Terrance, Megan",Male,White,NonHispanicLatino,36.27,No,No
1018,Edling,Valentino,5555528990,1733,NE Harvard Blvd,Portland,Oregon,97308,5/28/2013,"Smith, Eleanor",Male,Black,NonHispanicLatino,36.07,No,No
1019,Kennedy,Pedro,5557216167,2986,NE Ash Ave,Portland,Oregon,97293,6/19/2013,"Lindsay, John",Male,White,NonHispanicLatino,34.51,No,No
1020,Nassar,Alfonso,5556026942,5988,SE Alberta Blvd,Vancouver,Washington,97269,6/19/2013,"Ali, Hafsa",Male,White,NonHispanicLatino,33.02,No,No
1021,Robbins,Cameron,5555390608,7494,N Truman  Tr,Portland,Oregon,97284,7/9/2013,"Lindsay, John",Female,Black,HispanicLatino,29.71,No,No
1022,Lucero,Audrey,5555027348,8618,NE Cleveland  Ln,Portland,Oregon,97226,7/9/2013,"Terrance, Megan",Female,Black,HispanicLatino,31.88,No,No
1023,Ibarra,Alvaro,5556739649,4275,SE Parkside Way,Beaverton,Oregon,97302,9/26/2013,"Terrance, Megan",Male,Asian,HispanicLatino,34.92,No,No
1024,Waller,Amanda,5556291195,5857,NW Bush  Tr,Portland,Oregon,97283,9/26/2013,"Thortan, Megan",Female,Asian,HispanicLatino,36.29,Yes,No
1025,Hatfield,Rachel,5555015758,9227,SW 7th Ave,Vancouver,Washington,97202,10/9/2013,"Thortan, Megan",Female,White,NonHispanicLatino,35.77,No,No
1026,Hart,Kendall,5555930339,4882,SW Adams  Ave,Beaverton,Oregon,97262,10/9/2013,"Brock, Sarah",Female,Black,HispanicLatino,33.54,Yes,No
1027,Carlson,Valentin,5555555807,7222,W Cesar Ave,Portland,Oregon,97313,10/13/2013,"Smith, Eleanor",Female,White,NonHispanicLatino,29.72,No,No
1028,Foster,Dominique,5557463611,8918,NE Adams  Ln,Portland,Oregon,97279,10/13/2013,"Smith, Eleanor",Male,Asian,NonHispanicLatino,31.15,No,No
1029,Levy,Aliana,5553657858,1835,SW 18th Way,Portland,Oregon,97271,10/29/2013,"Smith, Eleanor",Female,Asian,NonHispanicLatino,36.44,No,No
1030,Furman,Michael,5554579124,6609,SW Marymount St,Portland,Oregon,97285,10/29/2013,"Smith, Eleanor",Male,Asian,HispanicLatino,33.63,No,No
1031,Morelli,Frederica,5554081626,8243,SW Taylor  Dr,Hillsboro,Oregon,97254,11/15/2013,"Grant, Jamal",Female,Black,NonHispanicLatino,35.49,No,No
1032,McCormick,Xuan,5552908759,3824,E Martin St,Portland,Oregon,97257,11/15/2013,"Garcia, Lilia",Female,Asian,HispanicLatino,36.26,No,No
1033,Bishara,Reed,5556897685,3807,NW Vista Way,Portland,Oregon,97265,11/25/2013,"Grant, Jamal",Male,Asian,HispanicLatino,30.82,No,No
1034,Bantham,Elijah,5555172261,6067,SW 22nd St,Vancouver,Washington,97253,11/25/2013,"Brock, Sarah",Male,White,NonHispanicLatino,35.15,No,No
1035,Gill,Carson,5553042935,9143,NW Indiana Blvd,Vancouver,Washington,97300,11/30/2013,"Ali, Hafsa",Male,Black,NonHispanicLatino,36.9,No,No
1036,Little,Virginia,5552706276,556,NW Couch Way,Vancouver,Washington,97228,11/30/2013,"Brock, Sarah",Female,Black,NonHispanicLatino,32.84,No,No
1037,Ruiz,Cassidy,5556693580,5431,SE Arthur  Tr,Portland,Oregon,97264,12/24/2013,"Terrance, Megan",Female,Asian,NonHispanicLatino,38.69,No,No
1038,Deleon,Wilton,5552431553,5106,NW Nevada Way,Portland,Oregon,97226,12/24/2013,"Garcia, Lilia",Male,White,NonHispanicLatino,38.55,No,No
1039,Lindsey,Jaylin,5555744722,4383,W Nixon  Ave,Portland,Oregon,97279,12/30/2013,"Terrance, Megan",Female,Black,NonHispanicLatino,32.87,No,No
1040,Love,Emmanuel,5556389230,274,NW Alberta Blvd,Vancouver,Washington,97258,12/30/2013,"Thortan, Megan",Male,Black,NonHispanicLatino,41.08,No,No
1041,Mathews,Cheryl,5553404007,5301,NE Martin St,Beaverton,Oregon,97200,1/27/2014,"Grant, Jamal",Female,Asian,NonHispanicLatino,32.66,No,No
1042,Atkins,Jasmine,5556095270,6259,S Bush  Blvd,Portland,Oregon,97303,1/27/2014,"Thortan, Megan",Female,White,NonHispanicLatino,34.85,No,No
1043,Cohen,Christian,5556579699,6363,SW Richards St,Beaverton,Oregon,97273,1/27/2014,"Brock, Sarah",Male,White,NonHispanicLatino,37.38,No,No
1044,Harper,Ellsworth,5552442741,8464,NW California Way,Portland,Oregon,97218,1/27/2014,"Ali, Hafsa",Male,Asian,HispanicLatino,32.03,No,No
1045,Nicholson,Lydia,5556484973,3159,E Martin St,Portland,Oregon,97301,1/29/2014,"Thortan, Megan",Female,White,NonHispanicLatino,33.7,No,No
1046,Gardner,Tristen,5554316137,4083,NE Oberlin Blvd,Beaverton,Oregon,97220,1/29/2014,"Brock, Sarah",Male,Asian,NonHispanicLatino,39.16,No,No
1047,Gould,Lisa,5552521189,7742,S 116th Blvd,Portland,Oregon,97201,2/27/2014,"Ali, Hafsa",Female,Black,HispanicLatino,29.11,No,No
1048,Holmes,Aubrey,5554302443,2154,NE Truman  Pl,Hillsboro,Oregon,97253,2/27/2014,"Smith, Eleanor",Female,Asian,NonHispanicLatino,32.47,No,No
1049,Young,Bing,5555361609,5868,N Coolidge  St,Portland,Oregon,97225,2/28/2014,"Thortan, Megan",Male,Black,NonHispanicLatino,32.38,No,No
1050,Aguilar,Chen,5556884958,3645,SE Kenyon St,Beaverton,Oregon,97306,2/28/2014,"Grant, Jamal",Male,Black,NonHispanicLatino,32.8,No,No
1051,Benton,John,5552536639,5480,SE Richards St,Beaverton,Oregon,97277,3/5/2014,"Lindsay, John",Male,Asian,NonHispanicLatino,36.62,No,No
1052,Maxwell,Ronald,5554237442,6990,NW Jefferson Blvd,Beaverton,Oregon,97274,3/5/2014,"Ali, Hafsa",Male,White,NonHispanicLatino,30.75,No,No
1053,Carr,Dereon,5555666252,9820,SW 22nd Ave,Portland,Oregon,97270,3/26/2014,"Ali, Hafsa",Male,Asian,NonHispanicLatino,34.63,No,No
1054,Tomson,Sebastian,5556358904,1381,NE Richards Blvd,Beaverton,Oregon,97237,3/26/2014,"Thortan, Megan",Male,Asian,NonHispanicLatino,36.79,No,No
1055,Rue,Cedric,5556912162,2294,NE Arthur  Ave,Wilsonville,Oregon,97284,4/12/2014,"Smith, Eleanor",Male,Asian,NonHispanicLatino,34.91,No,No
1056,Wein,Averie,5554066830,5279,W Bush  Ave,Portland,Oregon,97210,4/12/2014,"Brock, Sarah",Female,Asian,NonHispanicLatino,29.43,No,No
1057,Cuellar,Zack,5553045530,1236,SW 1st Ave,Portland,Oregon,97233,5/10/2014,"Grant, Jamal",Male,White,NonHispanicLatino,34.94,No,No
1058,Henson,Helen,5553962374,2725,SE Nebraska Way,Beaverton,Oregon,97216,5/10/2014,"Lindsay, John",Male,White,NonHispanicLatino,35.83,No,No
1059,Nims,Desiree,5552991224,7951,NE 44th Blvd,Portland,Oregon,97279,5/18/2014,"Smith, Eleanor",Female,Asian,HispanicLatino,33.51,No,No
1060,Garza,Aron,5553195287,1035,SE Indiana St,Portland,Oregon,97281,5/18/2014,"Brock, Sarah",Male,White,NonHispanicLatino,30.81,No,No
1061,Stuart,Leroy,5556398936,2875,SW Green Blvd,Beaverton,Oregon,97292,5/27/2014,"Grant, Jamal",Male,White,NonHispanicLatino,32.85,No,No
1062,Duprey,Patrick,5556181981,3341,NE Green St,Beaverton,Oregon,97293,5/27/2014,"Lindsay, John",Male,Asian,HispanicLatino,34.47,No,No
1063,Zajac,Angelica,5554152703,9149,NE Farm Ave,Hillsboro,Oregon,97300,5/31/2014,"Brock, Sarah",Female,White,NonHispanicLatino,31.04,No,No
1064,Kwiecien,Raina,5556609832,3599,SE Harrison  Tr,Portland,Oregon,97281,5/31/2014,"Ali, Hafsa",Female,Asian,HispanicLatino,30.58,No,No
1065,Cooley,Jada,5555772489,8568,N Tyler  Rd,Portland,Oregon,97227,6/20/2014,"Lindsay, John",Female,Black,HispanicLatino,37.85,No,No
1066,Puleo,Amina,5553825096,7496,W Rapids Ct,Portland,Oregon,97312,6/20/2014,"Brock, Sarah",Female,White,NonHispanicLatino,35.89,No,No
1067,Cobb,Imani,5554192365,7246,SW Roosevelt  Tr,Portland,Oregon,97236,7/11/2014,"Ali, Hafsa",Female,Black,HispanicLatino,35.81,No,No
1068,Buczek,Michaela,5554867498,6372,SW Grant  Ave,Portland,Oregon,97250,7/11/2014,"Grant, Jamal",Female,White,NonHispanicLatino,33.73,No,No
1069,Lagarde,Abigail,5555663858,1941,S Bush  St,Portland,Oregon,97273,7/19/2014,"Lindsay, John",Female,Asian,NonHispanicLatino,33.93,Yes,No
1070,Key,Vannesa,5555341897,8264,NE Kennedy  Ln,Portland,Oregon,97267,7/19/2014,"Lindsay, John",Female,White,NonHispanicLatino,38.34,Yes,No
1071,Devers,Sidney,5556249360,3017,NW Taft  Dr,Portland,Oregon,97242,7/24/2014,"Grant, Jamal",Female,White,HispanicLatino,33.66,No,No
1072,Spence,Fatimah,5553606566,2525,W Ash Rd,Portland,Oregon,97203,7/24/2014,"Terrance, Megan",Female,White,HispanicLatino,36.96,No,No
1073,Gross,Isreal,5554719151,4415,NE Queens Way,Portland,Oregon,97229,7/26/2014,"Thortan, Megan",Male,Black,HispanicLatino,33.39,No,No
1074,List,Karli,5556839029,9974,N Kennedy  Way,Portland,Oregon,97232,7/26/2014,"Garcia, Lilia",Female,White,NonHispanicLatino,31.31,No,No
1075,Kluth,Broderick,5554092930,6747,SW Green St,Vancouver,Washington,97210,7/29/2014,"Thortan, Megan",Male,Black,NonHispanicLatino,35.84,No,No
1076,Silsby,Corey,5552791087,4254,E Truman  Rd,Portland,Oregon,97253,7/29/2014,"Grant, Jamal",Female,Asian,HispanicLatino,38.27,No,No
1077,Dean,Igor,5552582601,4132,NW Water Blvd,Portland,Oregon,97222,8/2/2014,"Grant, Jamal",Male,White,NonHispanicLatino,37.46,No,No
1078,Seibert,Jane,5554341508,6899,SW Winslow Ct,Portland,Oregon,97271,8/2/2014,"Grant, Jamal",Female,Asian,NonHispanicLatino,36.45,No,No
1079,Mcglamery,Jorge,5553011261,4413,NW Parkside Blvd,Portland,Oregon,97220,8/14/2014,"Brock, Sarah",Male,Asian,HispanicLatino,30.47,No,No
1080,Biery,Andrea,5553263546,8353,W 10th Dr,Oregon City,Oregon,97237,8/14/2014,"Brock, Sarah",Female,White,NonHispanicLatino,33.32,No,No
1081,Brzozowski,Skyler,5554960361,1201,NE Hoover  Ln,Portland,Oregon,97281,8/14/2014,"Ali, Hafsa",Female,Black,NonHispanicLatino,30.63,No,No
1082,Brinton,Kristen,5555534153,7051,NW Johnson  Ct,Sandy,Oregon,97227,8/14/2014,"Thortan, Megan",Female,Black,HispanicLatino,37.98,No,No
1083,Sutton,Izabelle,5555746613,9917,NW Truman  Ln,Portland,Oregon,97268,8/18/2014,"Ali, Hafsa",Female,Black,NonHispanicLatino,35.45,No,No
1084,Elkington,Jacob,5556015867,3356,SE Green St,Vancouver,Washington,97303,8/18/2014,"Thortan, Megan",Male,Black,NonHispanicLatino,31.9,No,No
1085,Hines,Dan,5556365341,4111,SW Parkside Blvd,Portland,Oregon,97305,8/24/2014,"Terrance, Megan",Male,White,NonHispanicLatino,36.24,No,No
1086,Hensley,Paul,5556435264,2329,SE Truman St,Portland,Oregon,97257,8/24/2014,"Smith, Eleanor",Male,Asian,HispanicLatino,39.29,No,No
1087,Trujillo,Jennifer,5552478550,3401,W Bush  St,Vancouver,Washington,97222,8/31/2014,"Grant, Jamal",Female,Asian,HispanicLatino,31.76,No,No
1088,Toy,Lilly,5552709903,7869,NW Harvard Blvd,Hillsboro,Oregon,97238,8/31/2014,"Grant, Jamal",Male,White,HispanicLatino,35.17,No,No
1089,Petties,Jesse,5559120360,3772,SW 9th Ave,Portland,Oregon,97243,9/2/2014,"Ali, Hafsa",Male,White,NonHispanicLatino,36.75,No,No
1090,Ney,Julie,5555197547,2913,S 5th Way,Portland,Oregon,97229,9/2/2014,"Ali, Hafsa",Female,White,NonHispanicLatino,38.53,No,No
1091,Poole,Lacey,5559575197,1272,N Cesar Way,Portland,Oregon,97204,10/17/2014,"Thortan, Megan",Female,Asian,NonHispanicLatino,32.57,No,No
1092,Chupp,Wiley,5554329918,9337,SW 1st Ave,McMinnville,Oregon,97201,10/17/2014,"Terrance, Megan",Male,White,NonHispanicLatino,30.17,No,No
1093,Sailer,Emory,5556942566,2434,NW Mississippi Way,Portland,Oregon,97286,10/20/2014,"Ali, Hafsa",Male,White,NonHispanicLatino,35.58,No,No
1094,Meyer,June,5557354156,8434,E 20th Ave,Portland,Oregon,97263,10/20/2014,"Ali, Hafsa",Female,Asian,HispanicLatino,28.44,No,No
1095,Streight,Bryon,5554190698,3872,SW Truman St,Portland,Oregon,97221,11/6/2014,"Ali, Hafsa",Male,Asian,NonHispanicLatino,33.46,No,No
1096,Vanderlinden,River,5554345825,9387,SE Parkside Way,Beaverton,Oregon,97297,11/6/2014,"Terrance, Megan",Male,White,NonHispanicLatino,36.63,No,No
1097,Mowrer,Jewel,5551221406,7268,SW Salmon Way,Portland,Oregon,97240,11/8/2014,"Grant, Jamal",Male,Asian,HispanicLatino,33.37,No,No
1098,Adkins,Jocelyn,5552330215,7335,W Adams  Ave,Portland,Oregon,97252,11/8/2014,"Brock, Sarah",Female,White,NonHispanicLatino,32.86,No,No
1099,Padilla,Lucia,5554233915,4801,N 44th Tr,White Salmon,Washington,97272,11/11/2014,"Thortan, Megan",Female,White,HispanicLatino,35.67,No,No
1100,Vega,Elly,5555943828,1323,E 7th Dr,Portland,Oregon,97229,11/11/2014,"Brock, Sarah",Female,White,NonHispanicLatino,37.76,No,No
1101,Clark,Devin,5552269360,455,NE 8th Ave,Portland,Oregon,97264,11/19/2014,"Thortan, Megan",Male,Asian,NonHispanicLatino,34,No,Yes
1102,Adame,Saul,5551204506,2386,SE Parkside St,Vancouver,Washington,97303,11/19/2014,"Garcia, Lilia",Male,Asian,NonHispanicLatino,34.64,No,Yes
1103,Coloma,Alison,5555540954,2660,W 116th Ct,Portland,Oregon,97298,12/8/2014,"Smith, Eleanor",Female,White,NonHispanicLatino,38.95,No,No
1104,Erhardt,Marisol,5558991727,9085,NE Roosevelt  Dr,Portland,Oregon,97290,12/8/2014,"Garcia, Lilia",Female,White,NonHispanicLatino,32.57,No,No
1105,Dupler,Martha,5553111447,4776,NE Flower St,Vancouver,Washington,97207,12/17/2014,"Grant, Jamal",Female,Asian,NonHispanicLatino,33.82,No,No
1106,Modisette,Vance,5552637120,8248,SW 9th Ave,Beaverton,Oregon,97287,12/17/2014,"Grant, Jamal",Male,Asian,NonHispanicLatino,31.23,No,No
1107,Ventimiglia,Sage,5556639332,2448,NE Bachelor Blvd,Portland,Oregon,97287,1/12/2015,"Thortan, Megan",Male,Asian,HispanicLatino,34.6,No,Yes
1108,Huang,Cora,5556230119,3873,SE Jackson  St,Hillsboro,Oregon,97210,1/12/2015,"Ali, Hafsa",Female,Asian,HispanicLatino,32.85,No,No
1109,Schweinsberg,Lemuel,5557326620,8561,SW Sundance Way,Portland,Oregon,97310,1/25/2015,"Thortan, Megan",Male,White,NonHispanicLatino,35.4,No,No
1110,Denner,Fred,5558629902,2027,SE Parkside St,Beaverton,Oregon,97205,1/25/2015,"Terrance, Megan",Male,White,NonHispanicLatino,33.5,No,No
1111,Harding,Salina,5551192458,1204,NW McKinley  Way,Camas,Washington,97293,2/26/2015,"Smith, Eleanor",Female,White,HispanicLatino,33.81,No,No
1112,Stabler,Karla,5556928870,2688,W Ford  Ct,Portland,Oregon,97267,2/26/2015,"Grant, Jamal",Female,Asian,HispanicLatino,27.48,No,No
1113,Seibert,Esther,5552186515,9050,SW Williams Rd,Portland,Oregon,97204,3/5/2015,"Brock, Sarah",Female,Asian,NonHispanicLatino,32.11,No,No
1114,Salguero,Morton,5551168334,4485,NW Lanter St,Portland,Oregon,97256,3/5/2015,"Ali, Hafsa",Male,White,NonHispanicLatino,36.04,No,No
1115,Nealon,Vennie,5552198415,7818,NW 83rd Way,Portland,Oregon,97233,3/8/2015,"Lindsay, John",Female,Asian,NonHispanicLatino,20.58,No,No
1116,Woodward,Napoleon,5554814730,1258,SW Water Blvd,Vancouver,Washington,97226,3/8/2015,"Brock, Sarah",Male,Asian,NonHispanicLatino,39.34,No,No
1117,Risk,Ernesto,5552267637,2006,NW Johns St,Portland,Oregon,97235,3/25/2015,"Grant, Jamal",Male,White,NonHispanicLatino,37.62,Yes,No
1118,Hickman,Stefan,5551458688,1307,SW Sundance St,Portland,Oregon,97253,3/25/2015,"Garcia, Lilia",Male,White,NonHispanicLatino,33.3,No,No
1119,Goodlett,Alex,5555190717,3688,SE Couch Blvd,Portland,Oregon,97200,4/1/2015,"Ali, Hafsa",Male,White,NonHispanicLatino,27.62,No,No
1120,Corby,Kathrin,5559476698,2346,S Hoover  Blvd,Portland,Oregon,97228,4/1/2015,"Smith, Eleanor",Female,Asian,NonHispanicLatino,32.04,No,No
1121,Kleinman,Amare,5551597081,9317,NW Chatanooga St,Portland,Oregon,97270,4/3/2015,"Thortan, Megan",Male,White,NonHispanicLatino,33.11,No,No
1122,Nash,Neta,5557379606,2112,NE Tillikum Blvd,Portland,Oregon,97310,4/8/2015,"Brock, Sarah",Female,Asian,HispanicLatino,30.54,No,No
1123,Guerrette,Huey,5556685414,1136,SE Harvard Way,Beaverton,Oregon,97230,4/14/2015,"Ali, Hafsa",Male,Asian,NonHispanicLatino,30.51,No,No
1124,Lacomb,Isaias,5556517914,557,SW Whitney Way,Portland,Oregon,97285,4/21/2015,"Brock, Sarah",Male,White,HispanicLatino,33.04,No,No
1125,McCullough,Daphne,5551073099,3458,SW Chatanooga Blvd,Portland,Oregon,97214,4/24/2015,"Thortan, Megan",Female,Asian,HispanicLatino,30.8,No,No
1126,Hartshorn,Reba,5555908874,8942,S 4th Ln,Hillsboro,Oregon,97254,5/5/2015,"Thortan, Megan",Female,Asian,NonHispanicLatino,34.43,No,No
1127,Mckeithan,Holly,5552540384,3753,NW Water Blvd,Portland,Oregon,97260,5/15/2015,"Ali, Hafsa",Female,Asian,NonHispanicLatino,36.11,No,No
1128,Leeds,Qin,5552477180,2125,SE Mississippi St,Portland,Oregon,97298,5/30/2015,"Grant, Jamal",Female,White,NonHispanicLatino,31.19,No,No
1129,Domenech,Darryl,5555008339,4473,SW Queens Blvd,Portland,Oregon,97295,6/11/2015,"Terrance, Megan",Male,Asian,NonHispanicLatino,34.8,No,No
1130,Hodgdon,Noelle,5554109654,9705,NW Jackson Way,Portland,Oregon,97298,6/16/2015,"Smith, Eleanor",Female,White,HispanicLatino,38.45,No,No
1131,Barker,Yulanda,5554462084,8753,SE Salmon St,Portland,Oregon,97311,6/21/2015,"Brock, Sarah",Female,White,HispanicLatino,26.77,No,No
1132,Schlesinger,Sang,5556715751,2145,SW Blue Blvd,Portland,Oregon,97289,7/5/2015,"Ali, Hafsa",Male,White,NonHispanicLatino,40.28,No,No
1133,Holmes,Donnetta,5555996332,4511,NE Reagan  St,Portland,Oregon,97299,7/12/2015,"Garcia, Lilia",Female,Asian,HispanicLatino,28.24,No,No
1134,Mccreery,Eduardo,5553949253,983,SW Lanter Blvd,Portland,Oregon,97221,7/27/2015,"Garcia, Lilia",Male,Asian,NonHispanicLatino,35.05,No,No
1135,Ledonne,Marina,5557820462,835,NW Marymount Way,Portland,Oregon,97247,8/14/2015,"Terrance, Megan",Female,Asian,NonHispanicLatino,36.9,No,No
1136,Tignor,Reynaldo,5552120305,601,NW Whitney Way,Vancouver,Washington,97262,9/3/2015,"Terrance, Megan",Male,Asian,NonHispanicLatino,31.07,No,No
1137,Steckel,Katina,5554699266,4248,N Ankeny Ln,Portland,Oregon,97289,9/7/2015,"Thortan, Megan",Female,White,NonHispanicLatino,36.58,No,No
1138,Throneberry,Mark,5556496551,3167,SW Skidmore St,Portland,Oregon,97250,9/10/2015,"Smith, Eleanor",Male,White,NonHispanicLatino,36.97,No,No
1139,Lawalin,Val,5554491857,3580,NE 2nd Ave,Beaverton,Oregon,97261,9/10/2015,"Terrance, Megan",Male,Asian,NonHispanicLatino,31.49,No,No
1140,Terrones,Omar,5554996748,1210,SE California Blvd,Portland,Oregon,97257,9/21/2015,"Brock, Sarah",Male,White,NonHispanicLatino,38.11,No,No
1141,Pang,Aliza,5556172533,7685,SE California St,Portland,Oregon,97290,9/21/2015,"Grant, Jamal",Female,Asian,NonHispanicLatino,28.65,No,No
1142,Rosario,Mila,5555393632,8357,SW Albina Way,Hillsboro,Oregon,97292,9/21/2015,"Grant, Jamal",Female,White,NonHispanicLatino,36.27,No,No
1143,Casa,Karol,5555685719,2870,NE Main Way,Portland,Oregon,97306,9/21/2015,"Brock, Sarah",Female,White,HispanicLatino,34.49,No,No
1144,Camara,Tracy,5553627750,2977,NW Riverview St,Portland,Oregon,97254,9/24/2015,"Grant, Jamal",Male,White,NonHispanicLatino,36.69,No,No
1145,Yelton,Kyleigh,5556900458,7118,NE Mississippi Blvd,Portland,Oregon,97217,9/24/2015,"Ali, Hafsa",Female,Black,NonHispanicLatino,35.63,No,No
1146,Gunnerson,Theodore,5558461828,8933,SW Jackson Blvd,Portland,Oregon,97287,9/29/2015,"Ali, Hafsa",Male,Black,NonHispanicLatino,37.9,No,No
1147,Gilkes,Judson,5555241973,9699,SW Nantucket Way,Vancouver,Washington,97267,9/29/2015,"Ali, Hafsa",Male,White,NonHispanicLatino,31.67,No,No
1148,Blecha,Rhoda,5554236865,2906,SW Bush  Rd,Portland,Oregon,97301,10/16/2015,"Ali, Hafsa",Female,White,NonHispanicLatino,34.26,No,No
1149,Kilian,Mckenna,5557499684,7188,SE Nebraska St,Portland,Oregon,97247,10/16/2015,"Garcia, Lilia",Female,White,NonHispanicLatino,33.08,No,No
1150,Billiot,Kathryn,5559320076,4200,SE Vista Way,Portland,Oregon,97241,10/20/2015,"Thortan, Megan",Male,White,NonHispanicLatino,38.6,No,No
1151,Scheidler,Sadie,5554201371,669,SE Kentucky Blvd,Portland,Oregon,97286,10/20/2015,"Ali, Hafsa",Female,White,HispanicLatino,30.92,No,No
1152,Thrower,Nigel,5559029987,7544,SE Jefferson Blvd,Portland,Oregon,97209,10/29/2015,"Lindsay, John",Male,Asian,NonHispanicLatino,29.99,No,No
1153,Schmucker,Leonard,5553803131,9009,NW Lanter Blvd,Portland,Oregon,97295,10/29/2015,"Lindsay, John",Male,Asian,HispanicLatino,33.25,No,No
1154,Wison,Jackson,5553240834,9054,NE Lanter Blvd,Portland,Oregon,97244,10/29/2015,"Ali, Hafsa",Male,White,HispanicLatino,34.06,No,No
1155,Purvines,Lawrence,5555490954,761,NW Kentucky Blvd,Portland,Oregon,97274,10/29/2015,"Garcia, Lilia",Male,White,NonHispanicLatino,30.68,No,No
1156,Loman,DeAngelo,5557199043,3079,SW Nevada Blvd,Vancouver,Washington,97251,10/31/2015,"Brock, Sarah",Male,Asian,NonHispanicLatino,32.91,No,Yes
1157,Hickox,Britta,5556497796,1414,NE Richards St,Portland,Oregon,97298,10/31/2015,"Lindsay, John",Female,Asian,HispanicLatino,34.25,No,No
1158,Landey,David,5556455209,9674,SE Oberlin Way,Vancouver,Washington,97296,11/1/2015,"Thortan, Megan",Male,White,NonHispanicLatino,36.51,No,No
1159,Rich,Hyon,5553695948,8324,NE Parkside Blvd,Portland,Oregon,97303,11/1/2015,"Thortan, Megan",Female,White,NonHispanicLatino,35.3,No,No
1160,Trybus,Lanny,5552737648,5324,NE Indiana Blvd,Hillsboro,Oregon,97285,11/5/2015,"Grant, Jamal",Male,White,NonHispanicLatino,39.91,No,No
1161,Chaisson,Patricia,5553091982,6958,SE Blue Way,Vancouver,Washington,97254,11/5/2015,"Thortan, Megan",Male,White,NonHispanicLatino,37.7,No,No
1162,Moon,Thomas,5555899766,4351,NE Mississippi Way,Vancouver,Washington,97257,11/5/2015,"Grant, Jamal",Male,White,NonHispanicLatino,35.76,No,No
1163,Takahashi,Jewel,5555656865,7214,NE Kentucky St,Washougal,Washington,97310,11/5/2015,"Brock, Sarah",Male,White,NonHispanicLatino,35.29,No,No
1164,Mcafee,Georgianne,5556997929,4429,NE Truman  St,Vancouver,Washington,97244,11/6/2015,"Grant, Jamal",Female,Black,NonHispanicLatino,33.99,Yes,No
1165,McMahon,Abbigail,5552610270,8606,SE Cleveland  Ct,Vancouver,Washington,97204,11/6/2015,"Garcia, Lilia",Female,White,NonHispanicLatino,29.96,Yes,Yes
1166,Duffield,Tasia,5552804958,6300,NE Bush  St,Vancouver,Washington,97264,11/7/2015,"Thortan, Megan",Female,Black,NonHispanicLatino,30.03,No,No
1167,Bedoya,Mariella,5551599872,405,SW Martin St,Portland,Oregon,97251,11/7/2015,"Grant, Jamal",Female,White,NonHispanicLatino,36.93,No,No
1168,Chaney,Terrance,5554500878,1046,SW Skidmore Way,Portland,Oregon,97306,11/8/2015,"Lindsay, John",Male,White,NonHispanicLatino,35.1,No,No
1169,Brawn,Jessie,5552719675,8987,SW 22nd Ave,Portland,Oregon,97312,11/8/2015,"Ali, Hafsa",Male,White,NonHispanicLatino,38.5,No,No
1170,Client,Kina,5558061344,9252,NW Tillikum St,Portland,Oregon,97275,11/8/2015,"Thortan, Megan",Female,White,NonHispanicLatino,33.16,No,No
1171,Sponsler,Alicia,5556203812,7026,W Clinton  Rd,Portland,Oregon,97236,11/8/2015,"Terrance, Megan",Female,Black,NonHispanicLatino,30.76,No,No
1172,Bissett,Lawanda,5553987472,6159,NE Adams  St,Vancouver,Washington,97227,11/8/2015,"Thortan, Megan",Female,White,NonHispanicLatino,31.84,No,No
1173,Luppino,Sylvester,5553842715,1587,SW Harvard Blvd,Portland,Oregon,97218,11/8/2015,"Lindsay, John",Male,White,NonHispanicLatino,35.54,No,No
1174,Manson,Michelle,5555203677,4919,N Harding  Blvd,Portland,Oregon,97281,11/9/2015,"Garcia, Lilia",Female,Asian,NonHispanicLatino,30.45,No,No
1175,Alvey,Sharron,5558203139,3966,NE Mississippi St,Portland,Oregon,97285,11/9/2015,"Grant, Jamal",Female,Asian,NonHispanicLatino,39.62,No,No
1176,Day,Christen,5557335880,3431,NW Truman Blvd,Portland,Oregon,97245,11/10/2015,"Grant, Jamal",Female,White,HispanicLatino,30.56,No,No
1177,Delucia,Belinda,5554561610,2812,NE 9th Ave,Portland,Oregon,97278,11/10/2015,"Terrance, Megan",Female,Black,HispanicLatino,34.24,No,No
1178,Waldorf,Josefina,5554283758,1647,SW Cesar Way,Vancouver,Washington,97231,11/10/2015,"Garcia, Lilia",Female,Asian,NonHispanicLatino,27.83,No,No
1179,Exley,Katharine,5554336034,7225,SE 1st Rd,Portland,Oregon,97274,11/10/2015,"Brock, Sarah",Female,White,NonHispanicLatino,36.46,No,No
1180,Docherty,Myong,5555129665,4608,NE Albina St,Portland,Oregon,97272,11/10/2015,"Ali, Hafsa",Female,Asian,HispanicLatino,36.5,No,No
1181,Thompson,Declan,5555835948,2712,SE California St,Portland,Oregon,97201,11/10/2015,"Lindsay, John",Male,Asian,NonHispanicLatino,31.17,No,No
1182,Page,Herman,5558947306,247,NE Harvard Way,Portland,Oregon,97255,11/10/2015,"Terrance, Megan",Male,Asian,HispanicLatino,31.1,No,No
1183,Horton,Peg,5557198947,1190,NE Shasta Blvd,Portland,Oregon,97233,11/10/2015,"Terrance, Megan",Female,Black,HispanicLatino,34.16,No,No
1184,Yu,Jasmin,5555955182,1450,SW 8th Ave,Portland,Oregon,97239,11/10/2015,"Brock, Sarah",Female,Black,HispanicLatino,30.12,No,No
1185,Elsen,Kory,5554096146,726,SE Liberty Blvd,Portland,Oregon,97293,11/10/2015,"Thortan, Megan",Male,Asian,NonHispanicLatino,36.55,No,No
1186,James,Breanne,5551179960,8281,NE Oberlin Way,Hillsboro,Oregon,97264,11/11/2015,"Garcia, Lilia",Female,Asian,NonHispanicLatino,30.79,No,No
1187,Bissette,Susana,5558564472,6528,SW Blue St,Hillsboro,Oregon,97217,11/11/2015,"Lindsay, John",Female,Asian,HispanicLatino,28.8,No,No
1188,Gatlin,Adolfo,5551410694,6321,SE Lanter Blvd,Hillsboro,Oregon,97290,11/11/2015,"Thortan, Megan",Male,Black,NonHispanicLatino,27.78,No,No
1189,Patel,Iliana,5553471803,1658,N Cleveland  Tr,Portland,Oregon,97281,11/11/2015,"Lindsay, John",Female,Black,HispanicLatino,36.34,No,No
1190,Mcintire,Luke,5556141292,7556,NE Salmon Blvd,Portland,Oregon,97274,11/13/2015,"Brock, Sarah",Male,Asian,HispanicLatino,34.13,No,No
1191,Freeman,Gladis,5555801595,2452,NW Riverview St,Portland,Oregon,97246,11/13/2015,"Garcia, Lilia",Female,Black,NonHispanicLatino,33.7,No,No
1192,Stoffel,Marshall,5552894722,8141,NE Freedom Blvd,Portland,Oregon,97264,11/13/2015,"Smith, Eleanor",Male,Black,NonHispanicLatino,32.96,No,No
1193,Phillips,Herb,5553046587,7896,SE Adams St,Portland,Oregon,97264,11/13/2015,"Smith, Eleanor",Male,White,HispanicLatino,36.5,No,No
1194,Baros,Lucretia,5553406242,6822,SE Carter  Way,Portland,Oregon,97278,11/14/2015,"Ali, Hafsa",Female,White,HispanicLatino,32.58,No,No
1195,Witherow,Armandina,5552284302,2350,SE Kenyon St,Portland,Oregon,97269,11/14/2015,"Smith, Eleanor",Female,Black,NonHispanicLatino,37.11,No,No
1196,Lara,Wilson,5552153838,8095,SE Riverview Blvd,Portland,Oregon,97263,11/14/2015,"Grant, Jamal",Male,White,NonHispanicLatino,37.83,No,No
1197,Gentry,Daniella,5554752882,930,W Hayes  Ct,Portland,Oregon,97302,11/14/2015,"Brock, Sarah",Female,Asian,HispanicLatino,31.21,No,No
1198,Petty,Connor,5554944883,2241,SW Liberty St,Portland,Oregon,97240,11/15/2015,"Garcia, Lilia",Male,White,NonHispanicLatino,27.94,No,No
1199,Gonzalez,Patricia,5559844114,2017,SE Nantucket St,Hillsboro,Oregon,97262,11/15/2015,"Terrance, Megan",Female,Black,HispanicLatino,37.11,No,No
1200,Rethman,Alejandra,5554688326,2612,SW Couch St,Portland,Oregon,97257,11/15/2015,"Smith, Eleanor",Female,White,HispanicLatino,23.75,No,No
1201,Xu,Lizeth,5554033107,8267,SE Bachelor Way,Portland,Oregon,97294,11/15/2015,"Grant, Jamal",Female,Asian,HispanicLatino,28.77,No,No
1202,Ackerson,Bud,5552195420,2258,SW Green St,Portland,Oregon,97268,11/15/2015,"Brock, Sarah",Male,White,HispanicLatino,33,No,No
1203,Villani,Dung,5559117432,8704,W Filmore  Tr,Portland,Oregon,97207,11/15/2015,"Thortan, Megan",Female,Asian,NonHispanicLatino,38.15,No,No
1204,Bonham,Glen,5557447631,7249,SW 8th Ave,Portland,Oregon,97205,11/16/2015,"Terrance, Megan",Male,Black,NonHispanicLatino,37.02,No,No
1205,Regis,Akilah,5558193301,241,NW Chatanooga Way,Beaverton,Oregon,97251,11/16/2015,"Thortan, Megan",Female,White,HispanicLatino,30.29,Yes,Yes
1206,Wiggins,Ashton,5557370255,1750,SE California Way,Beaverton,Oregon,97295,11/16/2015,"Grant, Jamal",Female,Asian,NonHispanicLatino,32.56,No,No
1207,Lin,Olen,5553422997,7932,NW Brooklyn Way,Portland,Oregon,97250,11/16/2015,"Terrance, Megan",Male,White,NonHispanicLatino,35.52,No,No
1208,Caskey,Krystal,5551784181,8179,SE Tillikum Way,Portland,Oregon,97212,11/17/2015,"Grant, Jamal",Male,Black,HispanicLatino,34.22,No,No
1209,Manning,Zachary,5553976198,3315,NW Alberta St,Beaverton,Oregon,97299,11/17/2015,"Thortan, Megan",Male,Asian,HispanicLatino,36.09,No,No
1210,Morrison,Kirk,5556370939,3551,NE 22nd Ave,Beaverton,Oregon,97299,11/17/2015,"Thortan, Megan",Male,White,NonHispanicLatino,31.32,Yes,No
1211,McDaniel,Jeannetta,5555569522,1881,NE 2nd Way,Portland,Oregon,97300,11/17/2015,"Ali, Hafsa",Female,Asian,NonHispanicLatino,33.53,No,No
1212,Hamid,Jim,5554372466,4726,SW Indiana Blvd,Beaverton,Oregon,97218,11/17/2015,"Ali, Hafsa",Male,Black,NonHispanicLatino,36.82,Yes,No
1213,Goetz,Herminia,5558832728,477,SW Kenyon Blvd,Portland,Oregon,97222,11/17/2015,"Garcia, Lilia",Female,Black,HispanicLatino,31.53,No,No
1214,Scott,Dirk,5557973362,457,SW Alberta Blvd,Portland,Oregon,97259,11/19/2015,"Smith, Eleanor",Male,White,NonHispanicLatino,31.22,No,No
1215,Meyer,Paisely,5558676982,5980,NE Harding Way,Hillsboro,Oregon,97242,11/19/2015,"Grant, Jamal",Female,Asian,NonHispanicLatino,33.11,No,No
1216,Kiely,Alicia,5555808594,769,SE 2nd Ave,Portland,Oregon,97303,11/19/2015,"Thortan, Megan",Female,Asian,HispanicLatino,36.4,No,No
1217,Bourbon,Gerald,5557158829,2627,NW Green Way,Portland,Oregon,97209,11/19/2015,"Brock, Sarah",Male,White,NonHispanicLatino,34.34,Yes,Yes
1218,Pratico,Reinaldo,5552653645,3500,NW Hood St,Washougal,Washington,97250,11/21/2015,"Smith, Eleanor",Male,Black,NonHispanicLatino,39.37,No,No
1219,Rigney,Elmer,5554366170,3216,SE Green Blvd,Portland,Oregon,97246,11/21/2015,"Brock, Sarah",Male,Black,NonHispanicLatino,36.1,No,No
1220,Connon,Eddie,5552300268,4607,NW Parkside Blvd,Portland,Oregon,97215,11/23/2015,"Ali, Hafsa",Male,Black,NonHispanicLatino,38.24,No,No
1221,Sharp,Adam,5551996241,5643,NW Jackson St,Camas,Washington,97251,11/23/2015,"Lindsay, John",Male,White,NonHispanicLatino,37.56,No,No
1222,Maravilla,Derrick,5553142547,755,SW Water St,Portland,Oregon,97309,11/23/2015,"Brock, Sarah",Male,White,NonHispanicLatino,33.33,No,No
1223,Mcinerney,Phillip,5558874709,9363,SW Whitney Blvd,Portland,Oregon,97219,11/23/2015,"Ali, Hafsa",Male,White,HispanicLatino,35.83,No,No
1224,Cashion,Keagan,5554512481,8872,NW Nantucket Blvd,Vancouver,Washington,97313,11/24/2015,"Grant, Jamal",Male,Black,NonHispanicLatino,32.6,Yes,No
1225,Mackin,Jayden,5552907912,3449,NW Nantucket Blvd,Portland,Oregon,97307,11/24/2015,"Lindsay, John",Male,White,NonHispanicLatino,35.47,No,No
1226,Goodman,Shalanda,5554741923,4395,SW Couch Blvd,Beaverton,Oregon,97241,11/24/2015,"Terrance, Megan",Female,Asian,HispanicLatino,37.04,No,No
1227,Pettyjohn,Malcom,5551932235,5789,NW Nantucket Blvd,Vancouver,Washington,97293,11/24/2015,"Lindsay, John",Male,Asian,NonHispanicLatino,31.7,No,No
1228,Sykora,Charles,5556876017,8799,SE Nevada Blvd,Portland,Oregon,97313,11/26/2015,"Grant, Jamal",Male,White,NonHispanicLatino,37,No,No
1229,Cilley,Myrtie,5551761228,1721,W Reagan  Ct,Portland,Oregon,97262,11/26/2015,"Thortan, Megan",Female,Black,NonHispanicLatino,30.08,No,No
1230,Mcgonagle,Juan,5559884182,5604,SW Oberlin Blvd,Portland,Oregon,97287,11/26/2015,"Terrance, Megan",Male,Asian,NonHispanicLatino,39.6,No,No
1231,Weaver,Chadwick,5556909556,2017,SE Blue St,Portland,Oregon,97201,11/26/2015,"Garcia, Lilia",Male,White,NonHispanicLatino,30.7,No,No
1232,Umland,Erin,5557353872,9289,NW Tillikum Blvd,Portland,Oregon,97259,11/26/2015,"Smith, Eleanor",Female,Black,NonHispanicLatino,30.87,No,No
1233,Riegel,Melvin,5552468690,5283,SE Albina Way,Camas,Washington,97241,11/26/2015,"Grant, Jamal",Male,White,NonHispanicLatino,32.45,No,No
1234,Sivils,Elna,5555267176,1182,NE Washington Way,Beaverton,Oregon,97233,11/27/2015,"Brock, Sarah",Female,Asian,HispanicLatino,35.29,No,No
1235,Pinkett,Wayne,5553930891,6235,NW Oberlin St,Vancouver,Washington,97285,11/27/2015,"Grant, Jamal",Male,White,NonHispanicLatino,34.84,No,No
1236,McCullough,Jacinta,5558448652,8898,NW Jefferson Way,Portland,Oregon,97297,11/27/2015,"Brock, Sarah",Female,Asian,NonHispanicLatino,37.97,No,No
1237,Kensey,Phoebe,5559125971,1202,NW Liberty Way,Portland,Oregon,97303,11/27/2015,"Lindsay, John",Female,Asian,NonHispanicLatino,34.03,No,No
1238,Arvie,Lakeesha,5554268540,6194,NE 1st Ave,Portland,Oregon,97313,11/27/2015,"Ali, Hafsa",Female,Black,HispanicLatino,32.33,No,No
1239,Levison,Joellen,5558959532,9045,SE Kentucky St,Portland,Oregon,97223,11/27/2015,"Lindsay, John",Female,Black,HispanicLatino,34.04,No,No
1240,Frederic,Geraldo,5554487412,7219,NE Mississippi Way,Portland,Oregon,97219,11/28/2015,"Brock, Sarah",Male,White,NonHispanicLatino,37.68,No,No
1241,Heim,Rosetta,5558077455,3594,SW Kenyon Blvd,Portland,Oregon,97227,11/28/2015,"Thortan, Megan",Female,White,NonHispanicLatino,36.8,No,No
1242,Loll,Fernanda,5557449876,8594,SE Liberty Blvd,Portland,Oregon,97260,11/29/2015,"Ali, Hafsa",Female,Black,HispanicLatino,41.54,No,No
1243,Olsen,Vern,5556418534,9302,SW 22nd St,Vancouver,Washington,97237,11/29/2015,"Ali, Hafsa",Male,White,NonHispanicLatino,34.48,No,No
1244,Stoudamire,Joelle,5552540771,925,SE Nevada Way,Portland,Oregon,97250,11/29/2015,"Thortan, Megan",Female,Black,NonHispanicLatino,34.97,No,No
1245,Moxley,Nicholle,5557945069,5735,SW Brooklyn Blvd,Portland,Oregon,97231,11/29/2015,"Thortan, Megan",Female,Asian,HispanicLatino,33.83,No,Yes
1246,Aten,Lowell,5553056873,4075,SE Kentucky Blvd,Portland,Oregon,97255,11/29/2015,"Thortan, Megan",Male,Asian,HispanicLatino,35.34,No,No
1247,Crutchfield,Giuseppina,5553743552,5919,SE Blue Way,Portland,Oregon,97221,11/29/2015,"Grant, Jamal",Female,Asian,NonHispanicLatino,34.45,No,No
1248,Meisner,Lucio,5553261824,7549,SE Hood St,Portland,Oregon,97234,11/29/2015,"Ali, Hafsa",Male,Black,NonHispanicLatino,28.7,No,No
1249,Lopez,Lorenzo,5555127649,6262,NE Jackson Blvd,Portland,Oregon,97296,11/29/2015,"Grant, Jamal",Male,White,HispanicLatino,33.35,No,No
1250,Moberg,Jeffrey,5558958526,2635,NW Nantucket St,Portland,Oregon,97269,11/29/2015,"Ali, Hafsa",Male,Asian,NonHispanicLatino,34.58,No,No
1251,David,Eliza,5554229002,7967,NE Tillikum Way,Portland,Oregon,97298,11/29/2015,"Thortan, Megan",Female,White,NonHispanicLatino,34.52,No,No
1252,Pattee,Scotty,5554906709,4242,NE Lanter St,Portland,Oregon,97260,11/29/2015,"Thortan, Megan",Male,White,NonHispanicLatino,33.18,No,Yes
1253,Calhoun,Rafaela,5556610799,7093,NE Tillikum Way,Hillsboro,Oregon,97242,11/29/2015,"Grant, Jamal",Female,Asian,NonHispanicLatino,30.5,No,No
1254,Pastrana,David,5555405393,6900,NE Albina St,Beaverton,Oregon,97288,11/30/2015,"Ali, Hafsa",Male,White,NonHispanicLatino,38.67,No,No
1255,Wallis,Maudie,5554992292,5486,NW Nantucket St,Hillsboro,Oregon,97266,11/30/2015,"Ali, Hafsa",Female,Asian,NonHispanicLatino,30.41,No,No
1256,Parikh,Alissa,5555027147,8107,NE 18th Tr,Vancouver,Washington,97273,12/1/2015,"Ali, Hafsa",Female,Black,HispanicLatino,29.96,No,No
1257,Black,Yahaira,5551707690,7806,SE Alberta St,Portland,Oregon,97211,12/1/2015,"Grant, Jamal",Female,Asian,HispanicLatino,35.95,No,No
1258,Burkhart,Delores,5553281866,2447,SW Water St,Portland,Oregon,97297,12/1/2015,"Thortan, Megan",Female,White,NonHispanicLatino,33.33,No,No
1259,Dillahunt,Marcellus,5559083172,9615,SW Oberlin Way,Portland,Oregon,97280,12/1/2015,"Brock, Sarah",Male,Black,HispanicLatino,29.93,No,No
1260,Layden,Sumiko,5556730972,726,SE Green St,Portland,Oregon,97296,12/5/2015,"Lindsay, John",Female,Black,NonHispanicLatino,32.49,No,No
1261,Bowlby,Mickey,5551484659,2045,NW 22nd Ave,Portland,Oregon,97279,12/5/2015,"Thortan, Megan",Male,Black,NonHispanicLatino,31.81,No,No
1262,Maney,Amy,5559234203,8456,SW Mississippi Way,Portland,Oregon,97289,12/5/2015,"Brock, Sarah",Female,Asian,NonHispanicLatino,32.74,No,No
1263,Linen,Leopoldo,5555746783,425,SW Nantucket St,Portland,Oregon,97218,12/5/2015,"Brock, Sarah",Male,White,NonHispanicLatino,33.48,No,No
1264,Ferebee,Patrice,5558418146,8562,NW Main Blvd,Portland,Oregon,97239,12/5/2015,"Grant, Jamal",Female,White,NonHispanicLatino,31.47,No,No
1265,Stamper,Aniya,5557418683,3912,SW Taylor  Way,Vancouver,Washington,97268,12/5/2015,"Grant, Jamal",Female,White,HispanicLatino,30.78,Yes,No
1266,Sanders,Keila,5557242951,5334,NW Truman Way,Portland,Oregon,97256,12/5/2015,"Grant, Jamal",Female,Asian,HispanicLatino,35.33,No,No
1267,Currence,Dreama,5552266614,8975,SW Liberty Blvd,Portland,Oregon,97312,12/5/2015,"Grant, Jamal",Female,Black,NonHispanicLatino,31.47,No,No
1268,Tejada,Armand,5557820081,2023,NE 2nd Ave,Beaverton,Oregon,97309,12/5/2015,"Smith, Eleanor",Male,Asian,HispanicLatino,33.03,No,No
1269,Blocher,Aleida,5559014790,4931,SE Mississippi St,Portland,Oregon,97286,12/5/2015,"Grant, Jamal",Female,White,NonHispanicLatino,34.53,No,No
1270,Jung,Jean,5551909950,6841,SW 1st Ave,Portland,Oregon,97214,12/6/2015,"Garcia, Lilia",Male,White,NonHispanicLatino,32.1,No,No
1271,Doyle,Jinny,5554036083,6019,N Martin Way,Camas,Washington,97298,12/6/2015,"Garcia, Lilia",Female,Black,NonHispanicLatino,35.34,No,No
1272,Lowe,Doyle,5556916836,2991,NW California Blvd,Beaverton,Oregon,97226,12/7/2015,"Grant, Jamal",Male,White,NonHispanicLatino,39.16,Yes,No
1273,Speidel,Francis,5554721242,594,SE Sierra Way,Portland,Oregon,97260,12/7/2015,"Ali, Hafsa",Male,Asian,NonHispanicLatino,33.63,No,No
1274,Defeo,Keshia,5554945559,5632,SE Tillikum St,Hillsboro,Oregon,97311,12/7/2015,"Grant, Jamal",Female,White,NonHispanicLatino,29.5,No,No
1275,Kendrick,Ewa,5559595281,5838,SW Riverview St,Portland,Oregon,97213,12/7/2015,"Lindsay, John",Female,Asian,HispanicLatino,34.14,No,No
1276,Alicea,Juanita,5556310160,6175,NW Arthur  Way,Camas,Washington,97236,12/8/2015,"Brock, Sarah",Female,White,HispanicLatino,39.24,No,No
1277,Che,Lanny,5558473494,6601,NE Parkside St,Portland,Oregon,97215,12/8/2015,"Smith, Eleanor",Male,Asian,NonHispanicLatino,34.67,No,No
1278,Bradt,Heidy,5556547715,8136,NW Washington Way,Portland,Oregon,97269,12/8/2015,"Lindsay, John",Female,Asian,NonHispanicLatino,35.6,No,No
1279,Mckee,Simona,5556104578,9033,SW Richards Blvd,Portland,Oregon,97295,12/8/2015,"Lindsay, John",Female,Asian,HispanicLatino,37.76,No,No
1280,Pebley,Darnell,5556010929,7916,NE 7th Ave,Beaverton,Oregon,97246,12/8/2015,"Grant, Jamal",Male,White,NonHispanicLatino,38.17,No,No
1281,Sparacino,Tammy,5557208313,8924,SW Oberlin Blvd,Portland,Oregon,97217,12/8/2015,"Garcia, Lilia",Female,Asian,HispanicLatino,29.96,No,No
1282,Chester,Kiesha,5555633796,9790,SE Harding St,Portland,Oregon,97211,12/8/2015,"Lindsay, John",Female,White,HispanicLatino,33.45,No,No
1283,Page,Lillie,5552510481,5765,SE Sierra Blvd,Portland,Oregon,97255,12/8/2015,"Brock, Sarah",Female,White,NonHispanicLatino,28.43,No,No
1284,Tillman,Sean,5554161422,4656,SW Riverview Way,Portland,Oregon,97266,12/9/2015,"Brock, Sarah",Male,Black,HispanicLatino,36.43,No,No
1285,Lippincott,Danica,5556878953,8849,NE Vista Blvd,Portland,Oregon,97301,12/9/2015,"Grant, Jamal",Female,White,NonHispanicLatino,34.21,No,No
1286,Barberio,Wallace,5553857599,9503,SE Jackson St,Beaverton,Oregon,97254,12/9/2015,"Lindsay, John",Male,Black,HispanicLatino,33.93,No,No
1287,Fallin,David,5558737157,786,SE Lanter St,Portland,Oregon,97231,12/9/2015,"Smith, Eleanor",Male,Asian,HispanicLatino,30.38,No,No
1288,Weddington,Dennis,5559472796,6395,SW Nantucket Blvd,Vancouver,Washington,97295,12/11/2015,"Brock, Sarah",Male,White,NonHispanicLatino,29.5,No,No
1289,Segalla,Hildegarde,5552945587,9608,NE Parkside St,Portland,Oregon,97276,12/11/2015,"Brock, Sarah",Female,Black,HispanicLatino,28.56,No,No
1290,Auslander,Prince,5557244194,7591,NW 1st Ave,Portland,Oregon,97204,12/11/2015,"Thortan, Megan",Male,White,NonHispanicLatino,34.84,No,No
1291,Sickler,Maurice,5553074065,6020,SW Blue Blvd,Hillsboro,Oregon,97293,12/13/2015,"Thortan, Megan",Male,Asian,HispanicLatino,34.37,No,No
1292,Villarreal,Ardis,5554826046,6617,NW Lanter St,Portland,Oregon,97241,12/14/2015,"Brock, Sarah",Female,Asian,NonHispanicLatino,35.91,No,No
1293,Walke,Kory,5556482136,6364,SW Bachelor Way,Portland,Oregon,97210,12/14/2015,"Ali, Hafsa",Male,White,NonHispanicLatino,35.62,No,No
1294,Buller,Cristi,5554028358,730,SE Nixon  Blvd,Vancouver,Washington,97224,12/14/2015,"Ali, Hafsa",Female,Asian,HispanicLatino,32.95,No,No
1295,Bradshaw,Lincoln,5559453355,6554,SW Bachelor St,Portland,Oregon,97240,12/16/2015,"Grant, Jamal",Male,White,HispanicLatino,35.35,No,No
1296,Herrera,Winston,5555192917,3636,NE Main Way,Portland,Oregon,97252,12/16/2015,"Smith, Eleanor",Male,Asian,NonHispanicLatino,29.11,No,No
1297,Thon,Matthew,5555604813,9736,SW Adams St,Portland,Oregon,97201,12/16/2015,"Brock, Sarah",Male,White,NonHispanicLatino,33.95,No,No
1298,Nestle,Bobbi,5552081241,2589,NW Oberlin St,Portland,Oregon,97278,12/16/2015,"Grant, Jamal",Female,White,HispanicLatino,32.37,No,No
1299,Osornio,Aurea,5554798405,2102,NW Brooklyn Blvd,Gresham,Oregon,97223,12/16/2015,"Lindsay, John",Female,Asian,HispanicLatino,35.81,No,No
1300,Heinlein,Season,5554574613,3506,NW Nebraska Way,Hillsboro,Oregon,97307,12/16/2015,"Ali, Hafsa",Female,Asian,NonHispanicLatino,25.57,Yes,No
1301,Mattie,Claud,5557160718,7707,SE Salmon Way,Portland,Oregon,97228,12/16/2015,"Garcia, Lilia",Male,White,NonHispanicLatino,36.78,No,No
1302,Depaoli,Cammy,5557237612,818,SE Queens Way,Portland,Oregon,97201,12/16/2015,"Terrance, Megan",Female,Asian,NonHispanicLatino,33.67,No,No
1303,Campana,Dwain,5554531312,7437,NE Brooklyn Blvd,Portland,Oregon,97232,12/17/2015,"Terrance, Megan",Male,Asian,NonHispanicLatino,29.98,No,No
1304,Burris,Mandy,5552913026,6055,SE Martin Way,Vancouver,Washington,97260,12/17/2015,"Thortan, Megan",Female,White,NonHispanicLatino,40.79,No,No
1305,Mcgahan,Luther,5551507389,1172,SE Chatanooga Blvd,Portland,Oregon,97266,12/17/2015,"Thortan, Megan",Male,Black,NonHispanicLatino,28.47,No,No
1306,Hernandez,Kaylyn,5555257806,5050,SW Blue Blvd,Portland,Oregon,97309,12/17/2015,"Grant, Jamal",Male,Black,HispanicLatino,32.64,No,No
1307,Trout,Dora,5558365878,6873,NW Parkside Blvd,Portland,Oregon,97227,12/17/2015,"Grant, Jamal",Female,White,HispanicLatino,33.66,No,No
1308,Cargill,Bobbie,5552836271,5735,SE 9th Ave,Portland,Oregon,97281,12/17/2015,"Grant, Jamal",Male,Asian,HispanicLatino,33.92,No,No
1309,Whittaker,Lou,5557094947,1915,NE 7th Ave,Portland,Oregon,97204,12/18/2015,"Brock, Sarah",Male,Asian,HispanicLatino,37.93,No,No
1310,Torres,Dante,5554446358,6222,NW 2nd Blvd,Vancouver,Washington,97248,12/18/2015,"Ali, Hafsa",Male,Black,NonHispanicLatino,28.21,No,No
1311,Strahl,Chelsie,5559295561,471,SW Brooklyn Way,Portland,Oregon,97241,12/19/2015,"Ali, Hafsa",Female,Asian,NonHispanicLatino,30.15,No,No
1312,Garney,Danielle,5557368924,2036,SW Albina Way,Portland,Oregon,97255,12/19/2015,"Thortan, Megan",Female,Asian,HispanicLatino,35.27,No,No
1313,Keele,Darrell,5556020210,4439,NW Couch Way,Boring,Oregon,97265,12/19/2015,"Ali, Hafsa",Male,White,NonHispanicLatino,33.89,No,No
1314,Eatmon,Janeen,5552907642,7809,W Bush  Ave,Vancouver,Washington,97288,12/19/2015,"Grant, Jamal",Female,Asian,NonHispanicLatino,30.75,No,No
1315,Lok,Cammie,5559122960,8531,NW Bleeker Way,Portland,Oregon,97286,12/20/2015,"Grant, Jamal",Female,Asian,NonHispanicLatino,32.33,No,No
1316,Mcginley,Lon,5554100932,2011,E 2nd Dr,Portland,Oregon,97231,12/20/2015,"Garcia, Lilia",Male,White,NonHispanicLatino,33.04,Yes,No
1317,Dunkle,Gerry,5556210668,3834,NW California Way,Portland,Oregon,97228,12/20/2015,"Ali, Hafsa",Male,Asian,NonHispanicLatino,33.18,No,No
1318,Chmura,France,5557723341,6750,NW Albina St,Portland,Oregon,97209,12/20/2015,"Garcia, Lilia",Female,Asian,NonHispanicLatino,30.02,No,No
1319,Carrigan,Greg,5557284791,698,W Riverview Tr,Sandy,Oregon,97202,12/21/2015,"Lindsay, John",Male,Asian,HispanicLatino,28.16,No,No
1320,Sartain,Belen,5555524788,7351,NW Hood St,Milwaukie,Oregon,97312,12/21/2015,"Thortan, Megan",Female,White,HispanicLatino,30.65,No,No
1321,Pettry,Julianne,5557348844,1552,NW Bachelor St,Portland,Oregon,97277,12/21/2015,"Brock, Sarah",Female,Black,NonHispanicLatino,36.18,No,No
1322,Thaler,Justa,5551090067,5892,SE Hood Blvd,Portland,Oregon,97221,12/21/2015,"Thortan, Megan",Female,Asian,HispanicLatino,32.2,No,No
1323,Perrigo,Nyla,5553733349,6223,NW Chatanooga Blvd,Portland,Oregon,97242,12/22/2015,"Terrance, Megan",Female,White,HispanicLatino,35.51,No,No
1324,Dragoo,Gretchen,5557754671,1145,NW Bachelor Way,Portland,Oregon,97240,12/22/2015,"Terrance, Megan",Female,Black,HispanicLatino,28.86,No,No
1325,Horvat,Ward,5552304890,1576,E Jackson Ave,Portland,Oregon,97262,12/22/2015,"Thortan, Megan",Male,Black,NonHispanicLatino,33.58,No,No
1326,Mims,Lourdes,5557550893,9326,NW Parkside St,Portland,Oregon,97287,12/22/2015,"Grant, Jamal",Female,Asian,HispanicLatino,31.13,No,No
1327,Strachan,Elaine,5558110235,417,SE Lanter St,Portland,Oregon,97230,12/22/2015,"Smith, Eleanor",Female,Black,NonHispanicLatino,32.11,No,No
1328,Chavira,Toshia,5558806896,3440,SE Washington Blvd,Portland,Oregon,97211,12/24/2015,"Ali, Hafsa",Female,White,NonHispanicLatino,36.12,No,No
1329,Bosak,Neeraj,5552636896,1626,N Vista Way,Portland,Oregon,97260,12/24/2015,"Grant, Jamal",Male,White,NonHispanicLatino,32.44,No,No
1330,Leedom,Raymundo,5555047150,5697,NW 1st St,Vancouver,Washington,97285,12/24/2015,"Garcia, Lilia",Male,White,NonHispanicLatino,31.14,Yes,No
1331,Malek,Rex,5559050965,4230,NE Jefferson Blvd,Portland,Oregon,97244,12/24/2015,"Thortan, Megan",Male,White,NonHispanicLatino,35.33,No,No
1332,Kilbane,Angel,5558208551,6748,NW Liberty St,Government Camp,Oregon,97224,12/25/2015,"Grant, Jamal",Male,Asian,NonHispanicLatino,34.75,No,No
1333,Reese,Davis,5559076846,6170,SW Liberty Blvd,Portland,Oregon,97201,12/25/2015,"Thortan, Megan",Male,White,NonHispanicLatino,37.99,No,No
1334,Liggins,Roma,5559436849,3409,SW Queens Blvd,Gresham,Oregon,97269,12/25/2015,"Lindsay, John",Female,Black,NonHispanicLatino,34.25,No,No
1335,Vedder,Aaliyah,5558882315,6177,SE Bleeker St,Portland,Oregon,97243,12/26/2015,"Lindsay, John",Female,Asian,NonHispanicLatino,36.51,No,No
1336,Mirelez,Reed,5551896074,1300,W Kentucky Pl,Portland,Oregon,97265,12/26/2015,"Terrance, Megan",Male,Asian,NonHispanicLatino,32.42,No,No
1337,Groat,Clarence,5557299292,1194,SW Indiana Ave,Portland,Oregon,97250,12/26/2015,"Thortan, Megan",Male,Asian,HispanicLatino,35.3,No,No
1338,Sahr,Kelly,5555677676,5463,SW Skidmore Blvd,Portland,Oregon,97251,12/26/2015,"Garcia, Lilia",Male,Asian,HispanicLatino,32.21,No,No
1339,Guse,Alejandrina,5554314957,3907,NE Adams Way,Portland,Oregon,97218,12/28/2015,"Grant, Jamal",Female,Asian,HispanicLatino,34.82,No,No
1340,Konrad,Delia,5558029547,3870,NW Nevada Way,Gresham,Oregon,97247,1/2/2016,"Garcia, Lilia",Female,White,HispanicLatino,30.56,No,No
1341,Rossignol,Anastasia,5558353948,8381,SE Chatanooga Blvd,Portland,Oregon,97216,1/2/2016,"Ali, Hafsa",Female,Black,NonHispanicLatino,32.2,No,No
1342,Fuentes,Charles,5556260220,4440,E 22nd Ave,Beaverton,Oregon,97267,1/2/2016,"Grant, Jamal",Male,White,NonHispanicLatino,33.97,No,No
1343,Waye,Alfonso,5555173803,2152,SE Harvard Tr,Portland,Oregon,97205,1/3/2016,"Grant, Jamal",Male,Asian,HispanicLatino,28.64,No,Yes
1344,Hanna,Leah,5557847499,6131,NW Kenyon Blvd,Portland,Oregon,97219,1/4/2016,"Ali, Hafsa",Female,Black,NonHispanicLatino,32.69,No,No
1345,Meyer,Tiffani,5551088062,4160,SE Tillikum Way,Gresham,Oregon,97280,1/5/2016,"Terrance, Megan",Female,White,NonHispanicLatino,35.58,No,No
1346,Lincoln,Wilmer,5559076624,7429,W California Rd,Portland,Oregon,97238,1/6/2016,"Terrance, Megan",Male,White,NonHispanicLatino,38.58,No,No
1347,Bearden,Thomasina,5556523942,7007,NE 7th Ave,Portland,Oregon,97286,1/6/2016,"Brock, Sarah",Female,White,NonHispanicLatino,30.15,No,No
1348,Pitcher,Paige,5555471871,3218,NE Oberlin Way,Portland,Oregon,97313,1/7/2016,"Terrance, Megan",Female,Black,NonHispanicLatino,32.91,No,No
1349,Joynes,Linda,5559435763,2910,NW Nantucket Way,Portland,Oregon,97222,1/8/2016,"Smith, Eleanor",Female,Asian,NonHispanicLatino,33.7,No,No
1350,Yearwood,Ronaldo,5558958127,2151,NE Harvard Ct,Portland,Oregon,97247,1/8/2016,"Garcia, Lilia",Male,Asian,HispanicLatino,27.83,No,No
1351,Parikh,Lionel,5555604916,2855,S Liberty Tr,Portland,Oregon,97255,1/10/2016,"Brock, Sarah",Male,White,NonHispanicLatino,39.98,No,No
1352,Berens,Shira,5552754974,2362,NE Washington Blvd,Portland,Oregon,97278,1/11/2016,"Smith, Eleanor",Female,Asian,NonHispanicLatino,34.64,No,No
1353,Ruiz,Michael,5557704062,3185,NW California Way,Vancouver,Washington,97297,1/11/2016,"Ali, Hafsa",Male,White,NonHispanicLatino,32.94,No,No
1354,Scism,David,5552245455,7834,E Liberty Ave,Beaverton,Oregon,97243,1/11/2016,"Terrance, Megan",Male,White,NonHispanicLatino,38.13,No,No
1355,Schleich,Arla,5558328115,1613,NW Hood Blvd,Portland,Oregon,97224,1/11/2016,"Terrance, Megan",Female,White,NonHispanicLatino,33.38,No,No
1356,Hanna,Idella,5559730845,9315,SE Martin Blvd,Vancouver,Washington,97289,1/13/2016,"Grant, Jamal",Female,Asian,HispanicLatino,35.29,No,No
1357,Danaher,Myrtie,5557177323,6269,SW Parkside St,Portland,Oregon,97267,1/14/2016,"Garcia, Lilia",Female,White,HispanicLatino,29.91,No,No
1358,Large,Bennie,5559102253,1708,S Salmon St,Portland,Oregon,97222,1/15/2016,"Brock, Sarah",Male,White,NonHispanicLatino,32.44,No,No
1359,Bonilla,Erin,5555068141,5757,SE Kentucky Way,Portland,Oregon,97218,1/16/2016,"Lindsay, John",Female,White,NonHispanicLatino,28.44,No,No
1360,Pavlak,Jerome,5554404793,6820,NE Freedom Ln,Portland,Oregon,97309,1/16/2016,"Garcia, Lilia",Male,Asian,NonHispanicLatino,34.67,Yes,No
1361,Gainer,Elna,5557897835,1690,SW 116th Ct,Washougal,Washington,97229,1/16/2016,"Terrance, Megan",Female,Asian,HispanicLatino,32.48,No,No
1362,Crossett,Jacinta,5554695114,5562,SE Truman  Blvd,Vancouver,Washington,97239,1/16/2016,"Smith, Eleanor",Female,Black,NonHispanicLatino,23.75,No,No
1363,Malloy,Phoebe,5554481507,4152,W Bush  Way,Vancouver,Washington,97252,1/18/2016,"Thortan, Megan",Female,Black,HispanicLatino,36.07,No,Yes
1364,Schweiger,Lakeesha,5552075494,8177,SW Washington Blvd,Portland,Oregon,97278,1/18/2016,"Grant, Jamal",Female,White,NonHispanicLatino,40.08,No,No
1365,Montana,Joellen,5557854438,8104,SE Mississippi Blvd,Portland,Oregon,97274,1/19/2016,"Lindsay, John",Female,Asian,NonHispanicLatino,30.09,No,No
1366,Korhonen,Rosetta,5554340581,5907,NE Bachelor St,Portland,Oregon,97212,1/19/2016,"Garcia, Lilia",Female,Asian,HispanicLatino,34.62,Yes,No
1367,Pellegren,Cody,5559776547,9948,W Adams Dr,Hillsboro,Oregon,97285,1/21/2016,"Lindsay, John",Male,White,NonHispanicLatino,36.34,No,Yes
1368,Lanz,Don,5551659667,874,NE Riverview Rd,Portland,Oregon,97277,1/21/2016,"Lindsay, John",Male,Asian,NonHispanicLatino,30.37,No,No
1369,Bowman,Fernanda,5553885483,688,NW 44th Way,Vancouver,Washington,97225,1/21/2016,"Thortan, Megan",Female,Asian,NonHispanicLatino,33.75,No,No
1370,Levy,Millard,5556813276,5029,NE Liberty Way,Portland,Oregon,97219,1/21/2016,"Garcia, Lilia",Male,White,NonHispanicLatino,34.06,No,No
1371,Furman,Sebastian,5556378883,4083,SE Green Rd,Portland,Oregon,97237,1/22/2016,"Ali, Hafsa",Male,Asian,NonHispanicLatino,33.38,No,No
1372,Morelli,Joelle,5554191309,911,SW Bleeker Blvd,Portland,Oregon,97308,1/22/2016,"Brock, Sarah",Female,White,NonHispanicLatino,35.77,No,No
1373,McCormick,Nicholle,5551625127,5007,NE Queens Blvd,Beaverton,Oregon,97222,1/23/2016,"Brock, Sarah",Female,White,NonHispanicLatino,29.11,No,No
1374,Bishara,Raphael,5553588850,2632,N 8th Ct,Beaverton,Oregon,97201,1/23/2016,"Smith, Eleanor",Male,Black,HispanicLatino,35.27,No,No
1375,Bantham,Darius,5557866874,6607,NW Sierra Way,Vancouver,Washington,97239,1/24/2016,"Brock, Sarah",Male,Asian,NonHispanicLatino,35.56,No,No
1376,Gill,Clint,5551904938,6518,SE Parkside Blvd,Camas,Washington,97237,1/24/2016,"Terrance, Megan",Male,Asian,NonHispanicLatino,34.81,No,No
1377,Little,Avery,5553992036,6827,W Brooklyn Dr,Portland,Oregon,97254,1/24/2016,"Smith, Eleanor",Male,Black,HispanicLatino,35.06,No,No
1378,Ruiz,Tuan,5553508942,6578,SW Tillikum Ln,Portland,Oregon,97221,1/26/2016,"Grant, Jamal",Male,White,NonHispanicLatino,31.1,No,No
1379,Deleon,Giuseppina,5556869477,3052,SE Farm Way,Washougal,Washington,97258,1/27/2016,"Ali, Hafsa",Female,Asian,NonHispanicLatino,31.27,No,No
1380,Lindsey,Eliza,5559277382,3696,NW Indiana Way,Portland,Oregon,97243,1/27/2016,"Grant, Jamal",Female,Asian,NonHispanicLatino,32.73,No,No
1381,Love,Rafaela,5558206729,8346,NE Bleeker Way,Portland,Oregon,97242,1/27/2016,"Ali, Hafsa",Female,Asian,HispanicLatino,35.63,No,No
1382,Mathews,Maudie,5555683499,8959,NW Kentucky Blvd,Portland,Oregon,97205,1/27/2016,"Ali, Hafsa",Female,Asian,NonHispanicLatino,32,No,No
1383,Atkins,Alissa,5552835332,1442,NW Liberty Way,Beaverton,Oregon,97290,1/28/2016,"Brock, Sarah",Female,White,HispanicLatino,30.13,No,No
1384,Cohen,Jake,5554334609,1513,SW Alberta Ct,Portland,Oregon,97209,1/28/2016,"Thortan, Megan",Male,Asian,NonHispanicLatino,35.51,No,No
1385,Harper,Laura,5559844681,8667,SW Lanter Way,Portland,Oregon,97312,1/28/2016,"Grant, Jamal",Female,Asian,HispanicLatino,28.41,No,No
1386,Nicholson,Lauren,5559369181,6428,SW Richards Blvd,Portland,Oregon,97245,1/30/2016,"Brock, Sarah",Female,Asian,HispanicLatino,38.41,No,No
1387,Gardner,Laurita,5553824628,3905,NW California Way,Portland,Oregon,97226,1/31/2016,"Lindsay, John",Female,White,NonHispanicLatino,28.2,No,No
1388,Gould,Linda,5557789312,6514,NE Kenyon Blvd,Portland,Oregon,97255,1/31/2016,"Smith, Eleanor",Female,Asian,NonHispanicLatino,37.66,No,No
1389,Holmes,Alejandro,5551824476,5792,S 22nd Ln,Portland,Oregon,97211,2/1/2016,"Thortan, Megan",Male,Asian,HispanicLatino,32.09,No,No
1390,Young,Barbara,5554339064,1389,SE Hood St,Portland,Oregon,97283,2/2/2016,"Lindsay, John",Female,White,HispanicLatino,40.8,No,No
1391,Aguilar,Channing,5553856604,1583,SE Jefferson St,Gresham,Oregon,97232,2/4/2016,"Grant, Jamal",Female,White,NonHispanicLatino,31.46,No,No
1392,Benton,Cindy,5559759597,8300,SW Marymount Way,Portland,Oregon,97206,2/5/2016,"Terrance, Megan",Female,White,NonHispanicLatino,31.02,No,Yes
1393,Maxwell,Percy,5554065884,3465,NE Indiana Way,Portland,Oregon,97247,2/7/2016,"Grant, Jamal",Male,Asian,HispanicLatino,37.53,No,No
1394,Carr,Catherine,5554447939,9315,SE Liberty St,Gresham,Oregon,97215,2/8/2016,"Ali, Hafsa",Female,Asian,HispanicLatino,38.74,No,No
1395,Tomson,Cassandra,5553903819,2523,W Roosevelt  St,Portland,Oregon,97253,2/9/2016,"Lindsay, John",Female,Black,NonHispanicLatino,35.78,Yes,No
1396,Rue,Liu,5555115987,4951,SW 20th Ct,Portland,Oregon,97236,2/11/2016,"Smith, Eleanor",Female,Asian,NonHispanicLatino,33.35,No,No
1397,Wein,Kenan,5551791394,6302,NW Alberta Way,Portland,Oregon,97222,2/11/2016,"Ali, Hafsa",Male,White,NonHispanicLatino,36.2,No,No
1398,Cuellar,James,5556064812,5352,W Green Ave,Portland,Oregon,97206,2/12/2016,"Garcia, Lilia",Male,White,NonHispanicLatino,37.7,Yes,Yes
1399,Henson,Derek,5556134178,3212,N Green Ave,Portland,Oregon,97294,2/14/2016,"Grant, Jamal",Male,Black,NonHispanicLatino,36.22,No,No
1400,Nims,Keila,5557202385,8661,NE Harrison  Ave,Vancouver,Washington,97204,2/14/2016,"Ali, Hafsa",Female,Black,NonHispanicLatino,37.63,No,No
1401,Garza,Dreama,5558523991,9073,SW Maple Ln,Portland,Oregon,97267,2/16/2016,"Lindsay, John",Female,Asian,NonHispanicLatino,40.41,No,No
1402,Stuart,Aleida,5555847295,5335,NE Nixon  Way,Portland,Oregon,97303,2/16/2016,"Terrance, Megan",Female,Asian,NonHispanicLatino,37.41,No,No
1403,Pandom,Chun,5558138891,9378,E Parkside Dr,Portland,Oregon,97249,2/19/2016,"Thortan, Megan",Male,Asian,NonHispanicLatino,36.99,No,No
1404,Zajac,Tyson,5559299592,8135,SW Water Ct,Portland,Oregon,97302,2/22/2016,"Terrance, Megan",Male,White,NonHispanicLatino,35.41,No,No
1405,Kwiecien,Jinny,5557168004,3184,SW Tyler  St,Washougal,Washington,97202,2/23/2016,"Smith, Eleanor",Female,Asian,NonHispanicLatino,37.16,No,No
1406,Cooley,John,5554314383,8517,W Whitney Dr,Portland,Oregon,97306,2/24/2016,"Thortan, Megan",Male,Asian,HispanicLatino,30.43,No,No
1407,Ives,Keshia,5556327323,9022,SE 83rd Blvd,Beaverton,Oregon,97266,2/24/2016,"Smith, Eleanor",Female,Asian,HispanicLatino,39.69,No,No
1408,Joynes,Ewa,5558862418,892,W Cleveland  Pl,Portland,Oregon,97222,2/25/2016,"Grant, Jamal",Female,White,NonHispanicLatino,34.41,No,No
1409,Yearwood,Horace,5552639954,3454,NE Nantucket St,Portland,Oregon,97287,2/26/2016,"Smith, Eleanor",Male,White,NonHispanicLatino,40.35,No,No
1410,Parikh,Juanita,5555913250,4123,SE Johnson  Ave,Beaverton,Oregon,97201,2/27/2016,"Brock, Sarah",Female,Asian,HispanicLatino,31.6,No,No
1411,Berens,Floyd,5551129139,4390,NW Nevada Ct,Portland,Oregon,97257,2/27/2016,"Brock, Sarah",Male,White,NonHispanicLatino,35.46,No,No
1412,Ruiz,Darryl,5559785624,6274,NW Oberlin Rd,Portland,Oregon,97270,2/28/2016,"Brock, Sarah",Male,Asian,HispanicLatino,38.07,No,No
1413,Scism,Sang,5554799613,6746,S Blue Way,Portland,Oregon,97267,2/29/2016,"Lindsay, John",Male,Asian,NonHispanicLatino,33.9,No,No
1414,Schleich,Eduardo,5556438927,7162,N Mississippi Blvd,Portland,Oregon,97255,3/2/2016,"Ali, Hafsa",Male,Asian,NonHispanicLatino,35.62,No,No
1415,Rachet,Heidy,5558629241,1702,N 4th Dr,Portland,Oregon,97223,3/2/2016,"Brock, Sarah",Female,White,NonHispanicLatino,30.26,No,No
1416,Danaher,Reynaldo,5551436107,7067,E Kentucky Blvd,Beaverton,Oregon,97289,3/4/2016,"Lindsay, John",Male,White,NonHispanicLatino,34.1,No,No
1417,Large,Mark,5557012945,4308,W Hood Blvd,Portland,Oregon,97254,3/4/2016,"Thortan, Megan",Male,White,NonHispanicLatino,32.35,No,No
1418,Bonilla,Simona,5554074733,1189,E Taylor  Ave,Gresham,Oregon,97220,3/5/2016,"Brock, Sarah",Female,White,NonHispanicLatino,32.78,No,No
1419,Pavlak,Tammy,5554763271,3385,N Hickory Blvd,Portland,Oregon,97228,3/7/2016,"Terrance, Megan",Female,Black,NonHispanicLatino,31.56,No,No
1420,Gainer,Kiesha,5556819451,1922,NE Rapids Blvd,Vancouver,Washington,97311,3/7/2016,"Lindsay, John",Female,White,NonHispanicLatino,32.24,No,No
1421,Crossett,Lillie,5558968179,231,NW Johnson  Ct,Portland,Oregon,97291,3/8/2016,"Lindsay, John",Female,White,NonHispanicLatino,35.77,No,No
1422,Malloy,Danica,5555993044,9661,N 23rd Tr,Portland,Oregon,97251,3/8/2016,"Smith, Eleanor",Female,Asian,NonHispanicLatino,32.09,No,No
1423,Schweiger,Hildegarde,5559694389,4018,W Ash St,Portland,Oregon,97270,3/9/2016,"Brock, Sarah",Female,White,NonHispanicLatino,36.65,No,No
1424,Montana,Ardis,5554139696,5355,SE Roosevelt  Blvd,Vancouver,Washington,97218,3/10/2016,"Lindsay, John",Female,White,NonHispanicLatino,35.14,No,No
1425,Moon,Val,5556673718,674,E Jackson Ln,Portland,Oregon,97264,3/10/2016,"Ali, Hafsa",Male,Asian,NonHispanicLatino,28.69,No,No
1426,Takahashi,Christine,5552748305,8002,SE Ford  Ave,Portland,Oregon,97303,3/11/2016,"Brock, Sarah",Female,Asian,HispanicLatino,37.36,No,No
1427,Mcafee,Omar,5558881102,1691,W Nantucket Blvd,Portland,Oregon,97267,3/13/2016,"Thortan, Megan",Male,White,NonHispanicLatino,33.37,No,No
1428,McMahon,Bobbi,5552142571,8276,SW Grant  Way,Vancouver,Washington,97202,3/14/2016,"Smith, Eleanor",Female,Black,HispanicLatino,31.63,No,No
1429,Duffield,Tracy,5558997664,9438,NE Nantucket St,Portland,Oregon,97275,3/14/2016,"Thortan, Megan",Male,White,NonHispanicLatino,34.26,No,Yes
1430,Bedoya,Aurea,5551307210,3793,SE Hayes  Rd,Portland,Oregon,97220,3/15/2016,"Grant, Jamal",Female,Asian,NonHispanicLatino,29.67,No,No
1431,Chaney,Theodore,5551957842,9713,NW 7th Blvd,Vancouver,Washington,97246,3/15/2016,"Grant, Jamal",Male,White,NonHispanicLatino,31.49,No,No
1432,Brawn,Season,5559068788,6668,SE 8th Pl,Portland,Oregon,97291,3/15/2016,"Terrance, Megan",Female,Asian,NonHispanicLatino,34.06,No,No
1433,Client,Judson,5556528447,7556,SE Albina Way,Portland,Oregon,97219,3/16/2016,"Thortan, Megan",Male,White,NonHispanicLatino,35.97,No,No
1434,Sponsler,Kathryn,5554693296,3910,W Oberlin St,Beaverton,Oregon,97262,3/16/2016,"Grant, Jamal",Male,Black,NonHispanicLatino,36.28,No,No
1435,Bissett,Cameron,5557846289,9339,E Filmore  Blvd,Portland,Oregon,97215,3/17/2016,"Thortan, Megan",Female,Asian,NonHispanicLatino,32.06,No,No
1436,Luppino,Audrey,5556966108,5934,W Bush  Blvd,Vancouver,Washington,97287,3/19/2016,"Grant, Jamal",Female,Asian,NonHispanicLatino,33.96,Yes,No
1437,Manson,Nigel,5555837438,3952,SW 22nd St,Portland,Oregon,97239,3/19/2016,"Ali, Hafsa",Male,Asian,NonHispanicLatino,35.81,Yes,No
1438,Alvey,Leonard,5551951989,5527,NW Nantucket Way,Portland,Oregon,97221,3/21/2016,"Ali, Hafsa",Male,White,NonHispanicLatino,34.35,No,No
1439,Day,Amanda,5552961800,801,W 4th Rd,Portland,Oregon,97238,3/21/2016,"Garcia, Lilia",Female,White,NonHispanicLatino,38.01,No,No
1440,Delucia,Jackson,5551506781,524,S 2nd Ln,Portland,Oregon,97310,3/23/2016,"Grant, Jamal",Male,Black,HispanicLatino,32.2,No,No
1441,Waldorf,Lawrence,5558772778,1178,NE 1st St,Beaverton,Oregon,97209,3/23/2016,"Thortan, Megan",Male,White,NonHispanicLatino,30.77,No,No
1442,Exley,Rachel,5554579638,2870,NW Kennedy  Way,Vancouver,Washington,97295,3/24/2016,"Terrance, Megan",Female,Asian,HispanicLatino,32.85,No,No
1443,Docherty,DeAngelo,5558534955,8966,NW Riverview Way,Vancouver,Washington,97211,3/25/2016,"Lindsay, John",Male,Black,NonHispanicLatino,31.23,No,No
1444,Thompson,Kendall,5558021144,4408,W Adams  Tr,Portland,Oregon,97275,3/26/2016,"Terrance, Megan",Female,Asian,NonHispanicLatino,31.97,No,No
1445,Page,Valentin,5556588274,6209,W Jefferson  Pl,Portland,Oregon,97298,3/26/2016,"Garcia, Lilia",Female,Asian,NonHispanicLatino,34.45,No,No
1446,Horton,Aliana,5552772609,4113,NE Taft  Way,Vancouver,Washington,97240,3/28/2016,"Terrance, Megan",Female,White,HispanicLatino,39.72,No,No
1447,Yu,Frederica,5552037274,6461,N Taft  Tr,Portland,Oregon,97242,3/29/2016,"Garcia, Lilia",Female,Asian,HispanicLatino,32.44,No,No
1448,Elsen,Xuan,5556839622,7674,NW Ash Way,Vancouver,Washington,97211,3/30/2016,"Terrance, Megan",Female,Black,NonHispanicLatino,33.97,No,No
1449,James,David,5551289632,8361,SW California Way,Portland,Oregon,97299,3/31/2016,"Brock, Sarah",Male,Asian,HispanicLatino,31.24,No,No
1450,Bissette,Virginia,5551533376,3658,E 44th Dr,Portland,Oregon,97286,3/31/2016,"Grant, Jamal",Female,White,NonHispanicLatino,34.05,No,No
1451,Gatlin,Lanny,5552445485,9555,NW Jackson Ave,Vancouver,Washington,97264,3/31/2016,"Grant, Jamal",Male,Asian,NonHispanicLatino,33.47,No,No
1452,Zuckerman,Patricia,5559916974,3542,S Sierra Way,Beaverton,Oregon,97309,4/1/2016,"Grant, Jamal",Male,White,NonHispanicLatino,36.72,No,No
1453,Swartout,Thomas,5559216922,9203,SE Sierra Way,Vancouver,Washington,97256,4/1/2016,"Grant, Jamal",Male,White,NonHispanicLatino,36.28,No,No
1454,Jimenez,Cassidy,5552321907,1089,NW Williams Ln,Portland,Oregon,97253,4/3/2016,"Thortan, Megan",Female,White,NonHispanicLatino,37.71,No,No
1455,Tyler,Jewel,5553613798,882,NW Parkside Blvd,Portland,Oregon,97263,4/3/2016,"Grant, Jamal",Male,Asian,NonHispanicLatino,33.8,No,No
1456,Ray,Ronald,5554842382,2723,SE 7th Rd,Portland,Oregon,97204,4/5/2016,"Grant, Jamal",Male,White,NonHispanicLatino,36.81,No,No
1457,Jensen,Jaylin,5553604407,6804,NW Kennedy  St,Camas,Washington,97296,4/5/2016,"Ali, Hafsa",Female,Asian,HispanicLatino,38.9,No,No
1458,Keagle,Cheryl,5554294948,7054,NE Truman  St,Vancouver,Washington,97210,4/6/2016,"Grant, Jamal",Female,Asian,NonHispanicLatino,30.73,Yes,Yes
1459,Mckay,Jasmine,5557986150,5681,W Cesar Ln,Portland,Oregon,97216,4/7/2016,"Garcia, Lilia",Female,Asian,HispanicLatino,36.3,No,No
1460,Lafountain,Dereon,5556397603,7443,NW Riverview St,Portland,Oregon,97228,4/8/2016,"Garcia, Lilia",Male,Asian,NonHispanicLatino,25.68,No,No
1461,Ward,Lydia,5555611991,5176,SE 116th Ave,Portland,Oregon,97261,4/8/2016,"Smith, Eleanor",Female,White,NonHispanicLatino,34.33,No,No
1462,Connor,Lisa,5551059558,8242,SE Winslow St,Vancouver,Washington,97212,4/9/2016,"Lindsay, John",Female,Black,NonHispanicLatino,31.81,No,No
1463,Hernandez,Aubrey,5551257732,8312,SW 10th St,Vancouver,Washington,97265,4/9/2016,"Grant, Jamal",Female,Black,NonHispanicLatino,34.51,No,No
1464,Bailey,Sebastian,5558263709,9189,SE Jackson Blvd,Portland,Oregon,97302,4/9/2016,"Grant, Jamal",Male,Asian,HispanicLatino,39.08,No,No
1465,Sandberg,France,5554093524,3878,W 8th Rd,Portland,Oregon,97231,4/10/2016,"Terrance, Megan",Female,White,NonHispanicLatino,30.38,No,No
1466,Edling,Belen,5557621752,7700,S Filmore  Ln,Portland,Oregon,97269,4/10/2016,"Brock, Sarah",Female,Black,NonHispanicLatino,31.88,No,No
1467,Kennedy,Cedric,5557537813,7793,NE Riverview St,Portland,Oregon,97281,4/10/2016,"Lindsay, John",Male,White,NonHispanicLatino,39.63,No,No
1468,Ivey,Julianne,5554691202,1601,NE Clinton  Tr,Portland,Oregon,97262,4/11/2016,"Grant, Jamal",Female,Asian,NonHispanicLatino,34.63,No,No
1469,Robbins,Zack,5554007231,7664,NW 1st Blvd,Portland,Oregon,97307,4/11/2016,"Brock, Sarah",Male,White,NonHispanicLatino,33.55,No,No
1470,Lucero,Justa,5555873226,4658,NE 3rd Blvd,Portland,Oregon,97277,4/13/2016,"Thortan, Megan",Female,Asian,HispanicLatino,34.59,No,No
1471,Ibarra,Nyla,5556383159,7187,NW Maple Pl,Gresham,Oregon,97272,4/14/2016,"Brock, Sarah",Female,White,NonHispanicLatino,27.61,No,No
1472,Waller,Helen,5556532773,5240,N Blue St,Portland,Oregon,97213,4/14/2016,"Lindsay, John",Male,White,NonHispanicLatino,36.17,No,No
1473,Bosak,Gretchen,5554178987,5993,S Lansing Dr,Portland,Oregon,97301,4/15/2016,"Ali, Hafsa",Female,White,NonHispanicLatino,33.63,No,No
1474,Leedom,Lourdes,5552404836,7697,SE Hoover  Way,Vancouver,Washington,97227,4/15/2016,"Thortan, Megan",Female,Asian,HispanicLatino,32.38,No,No
1475,Granite,Elaine,5559358181,6797,W Hoover  Rd,Portland,Oregon,97263,4/16/2016,"Lindsay, John",Female,Asian,NonHispanicLatino,33.23,No,No
1476,Kilbane,Toshia,5556046414,8164,SW Bush  Ct,Portland,Oregon,97272,4/16/2016,"Garcia, Lilia",Female,Asian,NonHispanicLatino,31.55,No,No
1477,Reese,Aron,5556837793,7626,SE 1st Way,Vancouver,Washington,97273,4/17/2016,"Lindsay, John",Male,White,NonHispanicLatino,38.62,No,No
1478,Liggins,Roma,5554846501,9218,SW Carter  St,Portland,Oregon,97251,4/19/2016,"Thortan, Megan",Female,White,NonHispanicLatino,37.11,No,No
1479,Vedder,Leroy,5559895392,820,SW Blue Blvd,Camas,Washington,97243,4/20/2016,"Garcia, Lilia",Male,White,NonHispanicLatino,32.73,No,No
1480,Mirelez,Aaliyah,5555444073,210,NW Maple Ln,Portland,Oregon,97295,4/21/2016,"Smith, Eleanor",Female,White,NonHispanicLatino,34.89,No,No
1481,Groat,Alejandrina,5558496307,9131,SW 6th Dr,Gresham,Oregon,97200,4/22/2016,"Thortan, Megan",Female,Black,HispanicLatino,38.13,No,No
1482,Sahr,Delia,5552666630,3294,N Buchanan  Way,Portland,Oregon,97200,4/22/2016,"Garcia, Lilia",Female,White,NonHispanicLatino,31.84,Yes,Yes
1483,Guse,Anastasia,5558842665,1978,SW Bachelor Blvd,Portland,Oregon,97298,4/24/2016,"Brock, Sarah",Female,Asian,HispanicLatino,32.31,Yes,No
1484,Konrad,Leah,5551936882,837,NE Bachelor St,Portland,Oregon,97232,4/24/2016,"Thortan, Megan",Female,Asian,HispanicLatino,33.57,No,No
1485,Rossignol,Tiffani,5551664067,4562,NE Johns Way,Portland,Oregon,97304,4/26/2016,"Lindsay, John",Female,White,NonHispanicLatino,34.18,No,No
1486,Fuentes,Thomasina,5555607233,8661,SW Adams Blvd,Portland,Oregon,97268,4/26/2016,"Brock, Sarah",Female,Asian,NonHispanicLatino,40.08,No,No
1487,Silsby,Paige,5556685411,4852,SE Johnson  Blvd,Camas,Washington,97312,4/26/2016,"Smith, Eleanor",Female,Asian,HispanicLatino,31.76,No,No
1488,Dean,Patrick,5556559138,8066,SE Bachelor St,Portland,Oregon,97200,4/27/2016,"Lindsay, John",Male,Black,NonHispanicLatino,41.38,No,No
1489,Seibert,Linda,5556759113,3766,W Roosevelt  Dr,Hood River,Oregon,97287,4/28/2016,"Grant, Jamal",Female,Asian,NonHispanicLatino,31.36,No,No
1490,Mcglamery,Shira,5556095007,149,SW Truman  Way,Vancouver,Washington,97259,4/30/2016,"Grant, Jamal",Female,White,NonHispanicLatino,35.2,No,No
1491,Biery,Lydia,5555333053,1468,NW 8th Ave,Portland,Oregon,97287,4/30/2016,"Grant, Jamal",Female,White,NonHispanicLatino,28.6,No,No
1492,Brzozowski,Helen,5553962225,6055,SE 5th Blvd,Vancouver,Washington,97297,5/1/2016,"Lindsay, John",Female,White,NonHispanicLatino,30.82,Yes,No
1493,Brinton,Isreal,5551702091,6781,SW Bachelor Rd,Portland,Oregon,97286,5/2/2016,"Brock, Sarah",Male,Asian,NonHispanicLatino,39.83,No,No
1494,Sutton,Sharon,5551342832,479,SW Nevada Blvd,Beaverton,Oregon,97245,5/4/2016,"Brock, Sarah",Female,Asian,NonHispanicLatino,30.45,No,No
1495,Elkington,Theresa,5555288881,4322,NW Main St,Portland,Oregon,97285,5/4/2016,"Lindsay, John",Female,Asian,HispanicLatino,34.59,No,No
1496,Hines,Susan,5558401977,2204,NE Liberty St,Vancouver,Washington,97257,5/6/2016,"Grant, Jamal",Female,Asian,HispanicLatino,37.96,No,No
1497,Hensley,Sandy,5559933468,2433,SW Alberta Way,Portland,Oregon,97291,5/7/2016,"Ali, Hafsa",Female,Asian,HispanicLatino,33.03,No,No
1498,Trujillo,Sharon,5559128202,7670,NE 2nd Ave,Beaverton,Oregon,97255,5/8/2016,"Lindsay, John",Female,White,NonHispanicLatino,34.84,No,No
1499,Toy,Broderick,5553272611,7875,NE Main Blvd,Beaverton,Oregon,97296,5/8/2016,"Grant, Jamal",Male,White,NonHispanicLatino,35.68,No,No
1500,Petties,Igor,5556304793,3630,NE Adams St,Portland,Oregon,97281,5/11/2016,"Brock, Sarah",Male,Asian,NonHispanicLatino,34.54,No,No
1501,Ney,Patricia,5555209998,2064,SE Sundance Blvd,Portland,Oregon,97291,5/12/2016,"Smith, Eleanor",Female,Asian,HispanicLatino,34.32,No,No
1502,Poole,Jorge,5555454303,625,SE Bachelor Blvd,Vancouver,Washington,97228,5/14/2016,"Brock, Sarah",Male,White,NonHispanicLatino,30.56,No,No
1503,Chupp,Jacob,5559149530,7320,SW Salmon Blvd,Portland,Oregon,97254,5/15/2016,"Ali, Hafsa",Male,White,NonHispanicLatino,37.11,No,No
1504,Sailer,Dan,5551466539,2583,SE Brooklyn Ave,Portland,Oregon,97246,5/15/2016,"Grant, Jamal",Male,White,NonHispanicLatino,29.16,No,No
1505,Meyer,Gina,5553363560,9931,NW Tillikum St,Portland,Oregon,97309,5/16/2016,"Ali, Hafsa",Female,Asian,NonHispanicLatino,25.44,No,No
1506,Streight,Laurie,5554441168,2505,SE Liberty Way,Portland,Oregon,97290,5/17/2016,"Lindsay, John",Female,Asian,NonHispanicLatino,35.69,No,No
1507,Vanderlinden,Betty,5552369258,2605,SE Kentucky Way,Portland,Oregon,97204,5/22/2016,"Brock, Sarah",Female,Asian,NonHispanicLatino,29.22,No,Yes
1508,Mowrer,Paul,5555219806,7291,SE Chatanooga Rd,Portland,Oregon,97225,5/23/2016,"Lindsay, John",Male,White,NonHispanicLatino,34.44,No,No
1509,Adkins,Lisa,5557096771,3143,SE Mississippi Blvd,Troutdale,Oregon,97245,5/24/2016,"Brock, Sarah",Female,White,NonHispanicLatino,25.88,No,No
1510,Padilla,Greta,5555911290,1893,SW Kenyon Way,Portland,Oregon,97309,5/25/2016,"Ali, Hafsa",Female,Asian,NonHispanicLatino,37.73,No,No
1511,Vega,Margaret,5559567914,5676,NE Jefferson St,Portland,Oregon,97210,5/26/2016,"Grant, Jamal",Female,Asian,NonHispanicLatino,26.51,Yes,No
1512,Clark,Lindy,5557913641,813,NE 7th Ave,Beaverton,Oregon,97304,5/27/2016,"Terrance, Megan",Female,White,HispanicLatino,30.37,No,No
1513,Adame,Lindsay,5551987331,6000,W Kennedy  Ave,Portland,Oregon,97225,5/28/2016,"Lindsay, John",Female,Black,NonHispanicLatino,32.66,No,No
1514,Coloma,Paige,5559031322,4228,E Ford  Dr,Beaverton,Oregon,97262,5/29/2016,"Lindsay, John",Female,White,NonHispanicLatino,35.39,No,No
1515,Erhardt,Lilly,5551921598,1416,NE Bachelor St,Vancouver,Washington,97281,5/30/2016,"Ali, Hafsa",Male,Asian,HispanicLatino,34.07,No,No
1516,Smith,Jesse,5555165986,1535,NE Blue St,Portland,Oregon,97300,5/30/2016,"Terrance, Megan",Male,Asian,NonHispanicLatino,32.84,No,No
1517,Jones,Allison,5557173779,8700,NE Harvard St,Portland,Oregon,97237,5/31/2016,"Ali, Hafsa",Female,Black,NonHispanicLatino,32.84,No,No
1518,Quintano,Wiley,5558993080,2277,NW Main Way,Washougal,Washington,97246,6/1/2016,"Thortan, Megan",Male,White,NonHispanicLatino,32.52,Yes,Yes
1519,Levy,Alison,5553138487,870,W Cesar St,Beaverton,Oregon,97294,6/1/2016,"Brock, Sarah",Female,White,NonHispanicLatino,30.22,No,No
1520,Goldberg,Amber,5559959638,2321,NE Green St,Vancouver,Washington,97313,6/3/2016,"Lindsay, John",Female,White,NonHispanicLatino,37.47,No,No
1521,Stone,Emory,5559692068,5816,NE 9th Blvd,Portland,Oregon,97203,6/3/2016,"Grant, Jamal",Male,Black,NonHispanicLatino,32.74,No,No
